qid,query,category,query_type,setting,precision_at_5,recall_at_5,recall_at_20,recall_at_50,ndcg_at_5,mrr,map_at_5,hit_rate_at_5,coverage_at_5,diversity_at_5,novelty_at_5,intent_consistency_at_5,grounding_score,violation_rate,confidence_mean,confidence_std,runtime_sec,discarded
1,Best adventure places in India,generic,broad,full,1.0,0.1,0.3,0.3,1.0,1.0,1.0,1.0,0.4,1.0,0.09999999999999998,1.0,1.0,0.0,0.7074640612429061,0.01408728475714212,0.03986930847167969,0
2,Best beach places in India,generic,broad,full,1.0,0.1,0.28,0.28,1.0,1.0,1.0,1.0,0.6,0.8,0.26,1.0,1.0,0.0,0.7715500359836778,0.019898825337906958,0.029312610626220703,0
3,Best cultural places in India,generic,broad,full,1.0,0.1,0.28,0.28,1.0,1.0,1.0,1.0,0.4,0.8,0.09999999999999998,1.0,1.0,0.0,0.6962221493185023,0.018965550603245167,0.035715341567993164,0
4,Best family places in India,generic,broad,full,1.0,0.1,0.3,0.3,1.0,1.0,1.0,1.0,0.4,1.0,0.09999999999999998,1.0,1.0,0.0,0.7075739138781738,0.021601392599774553,0.03527522087097168,0
5,Best food places in India,generic,broad,full,1.0,0.1,0.3,0.3,1.0,1.0,1.0,1.0,0.4,0.6,0.15999999999999998,0.0,0.6666666666666666,0.0,0.6574953965890098,0.03632353376788196,0.03348875045776367,0
6,Best nature places in India,generic,broad,full,1.0,0.1,0.28,0.28,1.0,1.0,1.0,1.0,0.6,0.7,0.11999999999999997,1.0,1.0,0.0,0.6439418618696153,0.11752244453712714,0.03998541831970215,0
7,Best photography places in India,generic,broad,full,1.0,0.21739130434782608,0.6521739130434783,0.6521739130434783,1.0,1.0,1.0,1.0,0.6,0.6,0.24000000000000005,1.0,1.0,0.0,0.751776248974684,0.06439267941005257,0.031703948974609375,0
8,Best spiritual places in India,generic,broad,full,1.0,0.1,0.3,0.3,1.0,1.0,1.0,1.0,0.6,0.8,0.13999999999999996,1.0,1.0,0.0,0.648955756545487,0.03956476601865701,0.03223061561584473,0
9,Best wellness places in India,generic,broad,full,0.6,1.0,1.0,1.0,1.0,1.0,1.0,1.0,0.6,0.8,0.22000000000000003,1.0,0.6,0.4,0.6842016069606502,0.21199966897471556,0.03193211555480957,1
10,Best wildlife places in India,generic,broad,full,1.0,0.1,0.3,0.3,1.0,1.0,1.0,1.0,0.6,0.6,0.09999999999999998,1.0,1.0,0.0,0.7192164731254156,0.11184854682230791,0.032189369201660156,0
11,Top attractions in North,generic,city,full,1.0,0.4166666666666667,1.0,1.0,1.0,1.0,1.0,1.0,0.4,0.4,0.15999999999999998,1.0,1.0,0.0,0.942845141385894,0.030166792002622535,0.03525662422180176,0
12,Top attractions in South,generic,city,full,1.0,0.45454545454545453,1.0,1.0,1.0,1.0,1.0,1.0,0.8,0.8,0.27999999999999997,1.0,1.0,0.0,0.9483199612234324,0.011400227929551381,0.03749203681945801,0
13,Top attractions in West,generic,city,full,1.0,0.22727272727272727,0.6818181818181818,0.6818181818181818,1.0,1.0,1.0,1.0,0.2,0.9,0.28,1.0,1.0,0.0,0.9124453252374402,0.009509327270602384,0.035889625549316406,0
14,Top attractions in East/Northeast,generic,city,full,1.0,0.08333333333333333,0.25,0.25,1.0,1.0,1.0,1.0,0.2,0.5,0.26,1.0,1.0,0.0,0.9750167045416532,0.021335221637942742,0.03545570373535156,0
15,Top attractions in Central,generic,city,full,0.8,1.0,1.0,1.0,1.0,1.0,1.0,1.0,0.4,0.9,0.3,1.0,0.9,0.0,0.8580452753008135,0.14096446470513663,0.03977227210998535,0
16,Best beach destinations in India,generic,broad,full,1.0,0.1,0.28,0.28,1.0,1.0,1.0,1.0,0.8,0.6,0.26000000000000006,1.0,1.0,0.0,0.919445100716451,0.041568961205216706,0.028835296630859375,0
17,Top heritage and historical places in India,generic,broad,full,1.0,0.1,0.26,0.26,1.0,1.0,1.0,1.0,0.4,1.0,0.09999999999999998,1.0,1.0,0.0,0.8282560132371636,0.023912303493734452,0.037471771240234375,0
18,Best hill stations in India,generic,broad,full,1.0,0.1,0.24,0.24,1.0,1.0,1.0,1.0,0.6,0.8,0.07999999999999999,1.0,0.0,0.0,0.5890705195492909,0.025868000897205184,0.037609100341796875,0
19,Top spiritual destinations in India,generic,broad,full,1.0,0.1,0.3,0.3,1.0,1.0,1.0,1.0,0.6,0.8,0.13999999999999996,1.0,1.0,0.0,0.7840706639979652,0.03918247835293054,0.03513741493225098,0
20,Best wildlife and nature destinations in India,generic,broad,full,1.0,0.1,0.28,0.28,1.0,1.0,1.0,1.0,0.8,0.3,0.09999999999999998,1.0,1.0,0.0,0.8601823112625395,0.07361833821715805,0.037832021713256836,0
21,Top museums and monuments in India,generic,broad,full,0.8,0.08,0.24,0.24,0.7937848435747735,1.0,0.6433333333333333,1.0,0.6,0.8,0.15999999999999998,1.0,0.0,0.0,0.5783592301810538,0.007363486070359636,0.03785371780395508,0
22,Best places to visit in Hawa Mahal,generic,city,full,1.0,0.012853470437017995,0.038560411311053984,0.038560411311053984,0.9636840788872965,1.0,1.0,1.0,0.6,0.9,0.09999999999999998,1.0,0.5,0.0,0.5932335431526202,0.005909509483449792,0.04232192039489746,0
23,Best places to visit in Deekshabhoomi,generic,city,full,1.0,0.012853470437017995,0.038560411311053984,0.038560411311053984,1.0,1.0,1.0,1.0,0.6,1.0,0.07999999999999999,1.0,0.5,0.0,0.6049644006444558,0.024439416565578628,0.04199934005737305,0
24,Best places to visit in Ram-Raja,generic,city,full,1.0,0.012853470437017995,0.038560411311053984,0.038560411311053984,0.9636840788872965,1.0,1.0,1.0,0.6,0.9,0.09999999999999998,1.0,0.5,0.0,0.5913753451487677,0.004421052431157298,0.04431915283203125,0
25,Best places to visit in Matangeshwar Temple,generic,city,full,1.0,0.038461538461538464,0.11538461538461539,0.11538461538461539,1.0,1.0,1.0,1.0,0.6,0.6,0.15999999999999998,1.0,0.75,0.0,0.6085207500591527,0.01720637039453865,0.039482831954956055,0
26,Best places to visit in Barakhamba's Tomb,generic,city,full,1.0,0.012853470437017995,0.038560411311053984,0.038560411311053984,0.9636840788872965,1.0,1.0,1.0,0.6,0.9,0.09999999999999998,1.0,0.5,0.0,0.5960208985194466,0.007934490750960265,0.046463727951049805,0
27,Best places to visit in Munnar,generic,city,full,0.2,1.0,1.0,1.0,1.0,1.0,1.0,1.0,0.8,0.5,0.15999999999999998,1.0,0.6,0.0,0.5278392242654388,0.23634237085029097,0.035859107971191406,0
28,Best places to visit in Marina Beach,generic,city,full,1.0,0.08620689655172414,0.25862068965517243,0.25862068965517243,1.0,1.0,1.0,1.0,0.6,0.9,0.2,1.0,0.75,0.0,0.6601760759112032,0.0032734656964048736,0.03242993354797363,0
29,Best places to visit in Gateway of India,generic,city,full,1.0,0.012853470437017995,0.038560411311053984,0.038560411311053984,0.9793244947953805,1.0,1.0,1.0,0.6,0.6,0.07999999999999999,1.0,0.5,0.0,0.5851870806132029,0.010825923716021719,0.03984475135803223,0
30,Best places to visit in Qutub Minar,generic,city,full,1.0,0.012853470437017995,0.038560411311053984,0.038560411311053984,0.9818420394436483,1.0,1.0,1.0,0.6,0.9,0.07999999999999999,1.0,0.5,0.0,0.5963030426783628,0.005209778174665743,0.042742013931274414,0
31,Best places to visit in Red Fort,generic,city,full,1.0,0.02262443438914027,0.06787330316742081,0.06787330316742081,1.0,1.0,1.0,1.0,0.4,0.9,0.09999999999999998,1.0,0.75,0.0,0.6561804723570432,0.061250717601707,0.039504289627075195,0
32,Best places to visit in Golden Temple,generic,city,full,1.0,0.038461538461538464,0.11538461538461539,0.11538461538461539,1.0,1.0,1.0,1.0,0.4,0.7,0.15999999999999998,1.0,0.75,0.0,0.6230202687939675,0.0317954402375776,0.038988590240478516,0
33,Best places to visit in Mysore Palace,generic,city,full,1.0,0.012853470437017995,0.038560411311053984,0.038560411311053984,0.9636840788872965,1.0,1.0,1.0,0.4,1.0,0.09999999999999998,1.0,0.5,0.0,0.5943497936791757,0.006784592626501029,0.044712066650390625,0
34,Best places to visit in Charminar,generic,city,full,1.0,0.012853470437017995,0.038560411311053984,0.038560411311053984,1.0,1.0,1.0,1.0,0.6,0.9,0.07999999999999999,1.0,0.5,0.0,0.6019978901726966,0.017608001221659206,0.04397416114807129,0
35,Best places to visit in Hampi,generic,city,full,0.2,1.0,1.0,1.0,1.0,1.0,1.0,1.0,0.6,0.7,0.15999999999999998,1.0,0.6,0.0,0.520096621921221,0.2401563372973409,0.040019989013671875,0
36,Best places to visit in Ellora Caves,generic,city,full,1.0,0.012853470437017995,0.038560411311053984,0.038560411311053984,0.896087325958425,1.0,1.0,1.0,0.4,0.9,0.18,1.0,0.5,0.0,0.5916600712041736,0.006219358727275482,0.04454207420349121,0
37,Best places to visit in Konark Sun Temple,generic,city,full,1.0,0.038461538461538464,0.11538461538461539,0.11538461538461539,1.0,1.0,1.0,1.0,0.6,0.7,0.15999999999999998,1.0,0.75,0.0,0.599437956555154,0.019432982065570432,0.038657426834106445,0
38,Best places to visit in Jagannath Temple,generic,city,full,1.0,0.038461538461538464,0.11538461538461539,0.11538461538461539,1.0,1.0,1.0,1.0,0.4,0.9,0.18,1.0,0.75,0.0,0.6101093842509641,0.014665740424900268,0.038179874420166016,0
39,Best places to visit in Radhanagar Beach,generic,city,full,1.0,0.08620689655172414,0.25862068965517243,0.25862068965517243,1.0,1.0,1.0,1.0,0.4,0.9,0.15999999999999998,1.0,0.75,0.0,0.6661723284870693,0.0612124936271084,0.03308725357055664,0
40,Best places to visit in Varkala Beach,generic,city,full,1.0,0.08620689655172414,0.25862068965517243,0.25862068965517243,1.0,1.0,1.0,1.0,0.6,1.0,0.22000000000000003,1.0,0.75,0.0,0.648171475124925,0.05607860795173866,0.03265118598937988,0
41,Best places to visit in Darjeeling,generic,city,full,0.8,1.0,1.0,1.0,1.0,1.0,1.0,1.0,0.4,0.7,0.22000000000000003,1.0,0.9,0.0,0.8732091035219968,0.22580682548631342,0.03921222686767578,0
42,Best places to visit in Ooty,generic,city,full,0.2,1.0,1.0,1.0,1.0,1.0,1.0,1.0,0.8,0.5,0.18,1.0,0.6,0.0,0.524616291215353,0.23790352370503448,0.038901329040527344,0
43,Best places to visit in Madame Tussaud’s Museum,generic,city,full,1.0,0.02262443438914027,0.06787330316742081,0.06787330316742081,1.0,1.0,1.0,1.0,0.4,0.9,0.09999999999999998,1.0,0.75,0.0,0.615471891638036,0.0050302247299706185,0.04194140434265137,0
44,Best places to visit in B M Birla Science Museum,generic,city,full,1.0,0.02262443438914027,0.06787330316742081,0.06787330316742081,1.0,1.0,1.0,1.0,0.4,0.9,0.11999999999999997,1.0,0.75,0.0,0.6105046591597693,0.005594292492787776,0.043792009353637695,0
45,Best places to visit in City Palace Jaipur,generic,city,full,1.0,0.012853470437017995,0.038560411311053984,0.038560411311053984,0.986596874045655,1.0,1.0,1.0,0.6,0.9,0.07999999999999999,1.0,0.5,0.0,0.5917804409453769,0.004494405438011424,0.04230666160583496,0
46,Best places to visit in Agra Fort,generic,city,full,1.0,0.02262443438914027,0.06787330316742081,0.06787330316742081,1.0,1.0,1.0,1.0,0.4,1.0,0.09999999999999998,1.0,0.75,0.0,0.6579239925474315,0.09363624225064061,0.0406193733215332,0
47,Best places to visit in Kaziranga National Park,generic,city,full,1.0,0.046296296296296294,0.1388888888888889,0.1388888888888889,1.0,1.0,1.0,1.0,0.8,0.3,0.09999999999999998,1.0,0.75,0.0,0.6628612830122542,0.09237554111505161,0.03760933876037598,0
48,Best places to visit in Joshi's Museum of Miniature Railways,generic,city,full,1.0,0.02252252252252252,0.06756756756756757,0.06756756756756757,1.0,1.0,1.0,1.0,0.6,0.9,0.25999999999999995,1.0,0.7,0.0,0.6117196920401768,0.031224196036465438,0.04279017448425293,0
49,Best places to visit in Shanker's International Doll Museum,generic,city,full,1.0,0.02262443438914027,0.06787330316742081,0.06787330316742081,1.0,1.0,1.0,1.0,0.4,0.9,0.09999999999999998,1.0,0.75,0.0,0.6204276544512419,0.011369618942822894,0.04597926139831543,0
50,Best places to visit in Sree Chithra Art Gallery,generic,city,full,1.0,0.012853470437017995,0.038560411311053984,0.038560411311053984,0.9636840788872965,1.0,1.0,1.0,0.8,0.9,0.09999999999999998,1.0,0.5,0.0,0.591183494404596,0.007762319388180575,0.043746232986450195,0
51,Best places to visit in Lalbhai Dalpatbhai Museum,generic,city,full,1.0,0.02262443438914027,0.06787330316742081,0.06787330316742081,1.0,1.0,1.0,1.0,0.4,0.9,0.09999999999999998,1.0,0.75,0.0,0.612242805966539,0.00520872757232278,0.04538321495056152,0
52,Best places to visit in Bangalore Palace,generic,city,full,1.0,0.012853470437017995,0.038560411311053984,0.038560411311053984,0.9636840788872965,1.0,1.0,1.0,0.6,0.8,0.09999999999999998,1.0,0.5,0.0,0.5959700040754601,0.005676117097474262,0.0414426326751709,0
53,Best places to visit in Fatehpur Sikri,generic,city,full,0.2,1.0,1.0,1.0,1.0,1.0,1.0,1.0,0.6,0.7,0.13999999999999999,1.0,0.6,0.0,0.5173518817007432,0.2414741070208989,0.03883814811706543,0
54,Best places to visit in Lalbagh Botanical Garden,generic,city,full,1.0,0.012853470437017995,0.038560411311053984,0.038560411311053984,1.0,1.0,1.0,1.0,0.6,0.9,0.07999999999999999,1.0,0.5,0.0,0.5944737112830688,0.006455777358167497,0.04370617866516113,0
55,Best places to visit in Cubbon Park,generic,city,full,1.0,0.012853470437017995,0.038560411311053984,0.038560411311053984,1.0,1.0,1.0,1.0,0.4,0.8,0.07999999999999999,1.0,0.5,0.0,0.5945127569636645,0.007591919939908908,0.04109549522399902,0
56,Best places to visit in Sri Venkateswara Zoological Park,generic,city,full,1.0,0.012853470437017995,0.038560411311053984,0.038560411311053984,0.9818420394436483,1.0,1.0,1.0,0.4,0.9,0.07999999999999999,1.0,0.5,0.0,0.5956297986898792,0.007396139639562516,0.04446101188659668,0
57,Best places to visit in Ranthambore National Park,generic,city,full,1.0,0.046296296296296294,0.1388888888888889,0.1388888888888889,1.0,1.0,1.0,1.0,0.6,0.8,0.11999999999999997,1.0,0.75,0.0,0.6202371045968788,0.046511461042057244,0.03841352462768555,0
58,Best places to visit in Meenakshi Temple,generic,city,full,1.0,0.038461538461538464,0.11538461538461539,0.11538461538461539,1.0,1.0,1.0,1.0,0.4,0.7,0.15999999999999998,1.0,0.75,0.0,0.6061909858281849,0.01352721540805691,0.040033817291259766,0
59,Best places to visit in Nainital,generic,city,full,0.8,1.0,1.0,1.0,1.0,1.0,1.0,1.0,0.4,0.8,0.25999999999999995,1.0,0.9,0.0,0.8583933622688592,0.21341810647941548,0.03789019584655762,0
60,"Best places to visit in War Memorial, Batasia Loop",generic,city,full,1.0,0.012853470437017995,0.038560411311053984,0.038560411311053984,0.9793244947953805,1.0,1.0,1.0,0.6,0.9,0.07999999999999999,1.0,0.5,0.0,0.5946039125984155,0.0007997685161139744,0.043320417404174805,0
61,Best places to visit in Elephanta Caves,generic,city,full,1.0,0.012853470437017995,0.038560411311053984,0.038560411311053984,0.9324032470711285,1.0,1.0,1.0,0.6,1.0,0.13999999999999999,1.0,0.5,0.0,0.5825927028900979,0.007041286091360536,0.042559146881103516,0
62,Best places to visit in Gandhi Ninaivu Arungatchiyagam,generic,city,full,1.0,0.012853470437017995,0.038560411311053984,0.038560411311053984,0.9636840788872965,1.0,1.0,1.0,0.8,0.9,0.09999999999999998,1.0,0.5,0.0,0.5912103415996545,0.007800983993629936,0.042258262634277344,0
63,Best places to visit in Gangotri,generic,city,full,0.2,1.0,1.0,1.0,1.0,1.0,1.0,1.0,0.6,0.4,0.22000000000000003,1.0,0.6,0.0,0.5224666341923598,0.23910079025540334,0.03737759590148926,0
64,Best places to visit in Doss & Co.,generic,city,full,1.0,0.012853470437017995,0.038560411311053984,0.038560411311053984,0.971902167940485,1.0,1.0,1.0,0.6,0.7,0.12,1.0,0.5,0.0,0.6044580688240446,0.021545428513854062,0.04218292236328125,0
65,Best places to visit in Buland Darwaza,generic,city,full,1.0,0.012853470437017995,0.038560411311053984,0.038560411311053984,0.9636840788872965,1.0,1.0,1.0,0.6,0.9,0.09999999999999998,1.0,0.5,0.0,0.5950371665721081,0.007056615078048188,0.04284334182739258,0
66,Best places to visit in Jasmalnathji Mahadev Temple,generic,city,full,1.0,0.038461538461538464,0.11538461538461539,0.11538461538461539,1.0,1.0,1.0,1.0,0.6,0.7,0.15999999999999998,1.0,0.75,0.0,0.6063967921532368,0.018747822376128903,0.039795637130737305,0
67,Best places to visit in Kerala Soil Museum,generic,city,full,1.0,0.02262443438914027,0.06787330316742081,0.06787330316742081,1.0,1.0,1.0,1.0,0.6,1.0,0.09999999999999998,1.0,0.75,0.0,0.6067209326927893,0.0069893778050937015,0.0442042350769043,0
68,Best places to visit in Gauribidanuru,generic,city,full,1.0,0.012853470437017995,0.038560411311053984,0.038560411311053984,0.971902167940485,1.0,1.0,1.0,0.8,0.6,0.12,1.0,0.5,0.0,0.6029234504228864,0.02510426159211664,0.042572736740112305,0
69,Best places to visit in Rupnagar,generic,city,full,0.2,1.0,1.0,1.0,1.0,1.0,1.0,1.0,0.8,0.8,0.22000000000000003,1.0,0.6,0.0,0.607900329768789,0.19914559763581008,0.04114532470703125,0
70,Best places to visit in Amarkantak,generic,city,full,1.0,0.012853470437017995,0.038560411311053984,0.038560411311053984,0.9636840788872965,1.0,1.0,1.0,0.6,1.0,0.12,1.0,0.5,0.0,0.606208500666345,0.023891150270559446,0.04268288612365723,0
71,Best places to visit in Sohra (Cherrapunji),generic,city,full,1.0,0.012853470437017995,0.038560411311053984,0.038560411311053984,0.9793244947953805,1.0,1.0,1.0,0.6,0.9,0.07999999999999999,1.0,0.5,0.0,0.5922986679778106,0.008083745554843246,0.04457211494445801,0
72,Best places to visit in Shillong,generic,city,full,0.2,1.0,1.0,1.0,1.0,1.0,1.0,1.0,0.8,0.8,0.22000000000000003,1.0,0.6,0.0,0.5203491353262304,0.240764221550651,0.03846001625061035,0
73,Best places to visit in Triumph of Labour,generic,city,full,1.0,0.012853470437017995,0.038560411311053984,0.038560411311053984,1.0,1.0,1.0,1.0,0.6,0.7,0.07999999999999999,1.0,0.5,0.0,0.5985328063144567,0.022144125089029347,0.04224205017089844,0
74,Best places to visit in Sanskar Kendra,generic,city,full,1.0,0.012853470437017995,0.038560411311053984,0.038560411311053984,1.0,1.0,1.0,1.0,0.6,1.0,0.07999999999999999,1.0,0.5,0.0,0.5970588390335552,0.009391294163974762,0.04269075393676758,0
75,Best places to visit in Indo-Portuguese Museum,generic,city,full,1.0,0.02262443438914027,0.06787330316742081,0.06787330316742081,1.0,1.0,1.0,1.0,0.6,0.8,0.11999999999999997,1.0,0.75,0.0,0.6522341226518813,0.04370407990645526,0.040444374084472656,0
76,Best places to visit in Jamali Kamali Tomb,generic,city,full,1.0,0.012853470437017995,0.038560411311053984,0.038560411311053984,0.9636840788872965,1.0,1.0,1.0,0.6,0.9,0.09999999999999998,1.0,0.5,0.0,0.594239416976592,0.006272653378391621,0.04277539253234863,0
77,Best places to visit in Kerala Museum,generic,city,full,1.0,0.02262443438914027,0.06787330316742081,0.06787330316742081,1.0,1.0,1.0,1.0,0.6,1.0,0.09999999999999998,1.0,0.75,0.0,0.6067209326927893,0.0069893778050937015,0.044721126556396484,0
78,Best places to visit in Iron Pillar,generic,city,full,1.0,0.012853470437017995,0.038560411311053984,0.038560411311053984,0.9636840788872965,1.0,1.0,1.0,0.6,1.0,0.09999999999999998,1.0,0.5,0.0,0.5873257314677296,0.007991368307438197,0.0417022705078125,0
79,Best places to visit in Guwahati Planetarium,generic,city,full,1.0,0.012853470437017995,0.038560411311053984,0.038560411311053984,0.9793244947953805,1.0,1.0,1.0,0.6,0.8,0.07999999999999999,1.0,0.5,0.0,0.5929471285021497,0.006565163718511102,0.04481792449951172,0
80,Best places to visit in Tomb of Abdul Rahim Khan-i-Khanan,generic,city,full,1.0,0.012853470437017995,0.038560411311053984,0.038560411311053984,1.0,1.0,1.0,1.0,0.6,0.8,0.07999999999999999,1.0,0.5,0.0,0.5781126009262071,0.020006887329265227,0.04232478141784668,0
81,Best places to visit in Chhota Qutub Minar,generic,city,full,1.0,0.012853470437017995,0.038560411311053984,0.038560411311053984,0.986596874045655,1.0,1.0,1.0,0.6,0.9,0.07999999999999999,1.0,0.5,0.0,0.5948405320920236,0.005869570347920012,0.04328322410583496,0
82,I need family-friendly places in Ajitgarh,personal,city,full,1.0,0.040983606557377046,0.12295081967213115,0.12295081967213115,1.0,1.0,1.0,1.0,0.4,1.0,0.11999999999999997,1.0,0.6666666666666666,0.0,0.5934009885842885,0.005563046460519494,0.03600931167602539,0
83,Suggest a budget trip for me in Ajitgarh,personal,city,full,1.0,0.012853470437017995,0.03598971722365039,0.03598971722365039,0.5353800438262759,1.0,1.0,1.0,0.8,0.8,0.5,0.0,0.3333333333333333,1.0,0.39951191609367726,0.015404396864045999,0.04617714881896973,0
84,My parents need easy-access attractions in Ajitgarh,personal,city,full,1.0,0.02252252252252252,0.06756756756756757,0.06756756756756757,1.0,1.0,1.0,1.0,0.4,1.1,0.09999999999999998,1.0,0.8,0.0,0.7296550254784953,0.07601826957041566,0.040184974670410156,0
85,I want nature and photography spots in Ajitgarh,personal,city,full,1.0,0.022935779816513763,0.06880733944954129,0.06880733944954129,1.0,1.0,1.0,1.0,0.8,0.5,0.13999999999999996,1.0,0.6666666666666666,0.0,0.595933940268759,0.02570519603598978,0.041112422943115234,0
86,I need family-friendly places in Ashoka Pillar,personal,city,full,1.0,0.040983606557377046,0.12295081967213115,0.12295081967213115,1.0,1.0,1.0,1.0,0.8,0.9,0.13999999999999996,1.0,0.6666666666666666,0.0,0.592604930854326,0.004647117371754616,0.0370783805847168,0
87,Suggest a budget trip for me in Ashoka Pillar,personal,city,full,1.0,0.012853470437017995,0.03598971722365039,0.03598971722365039,0.5353800438262759,1.0,1.0,1.0,0.8,0.8,0.5,0.0,0.3333333333333333,1.0,0.4246583512712821,0.05804645068997344,0.045565128326416016,0
88,My parents need easy-access attractions in Ashoka Pillar,personal,city,full,1.0,0.02252252252252252,0.06756756756756757,0.06756756756756757,1.0,1.0,1.0,1.0,0.6,1.0,0.09999999999999998,1.0,0.8,0.0,0.6574242045935758,0.019157089987591344,0.041239261627197266,0
89,I want nature and photography spots in Ashoka Pillar,personal,city,full,1.0,0.022935779816513763,0.06422018348623854,0.06422018348623854,1.0,1.0,1.0,1.0,0.8,0.6,0.11999999999999997,1.0,0.6666666666666666,0.0,0.5647389131831988,0.004447286274517249,0.04313921928405762,1
90,I need family-friendly places in Calico Textile Museum,personal,city,full,1.0,0.040983606557377046,0.12295081967213115,0.12295081967213115,1.0,1.0,1.0,1.0,0.6,0.8,0.11999999999999997,1.0,0.6666666666666666,0.0,0.5868611650585852,0.007490520394882958,0.03809189796447754,0
91,Suggest a budget trip for me in Calico Textile Museum,personal,city,full,1.0,0.13513513513513514,0.40540540540540543,0.40540540540540543,1.0,1.0,1.0,1.0,0.8,0.9,0.5,0.0,0.6,0.0,0.585155646341285,0.009183983595570683,0.039305925369262695,0
92,My parents need easy-access attractions in Calico Textile Museum,personal,city,full,1.0,0.01773049645390071,0.05319148936170213,0.05319148936170213,1.0,1.0,1.0,1.0,0.4,0.8,0.11999999999999997,1.0,0.8,0.0,0.7064031332880608,0.01749430930831817,0.03855013847351074,0
93,I want nature and photography spots in Calico Textile Museum,personal,city,full,1.0,0.022935779816513763,0.06422018348623854,0.06422018348623854,1.0,1.0,1.0,1.0,0.6,0.8,0.15999999999999998,1.0,0.6666666666666666,0.0,0.5880688784799837,0.009795465271073256,0.04430413246154785,0
94,I need family-friendly places in Vintage and Classic Car Collection,personal,city,full,1.0,0.040983606557377046,0.12295081967213115,0.12295081967213115,1.0,1.0,1.0,1.0,0.8,0.8,0.15999999999999998,1.0,0.6666666666666666,0.0,0.6177628028286593,0.04004102639228907,0.03841972351074219,0
95,Suggest a budget trip for me in Vintage and Classic Car Collection,personal,city,full,1.0,0.012853470437017995,0.038560411311053984,0.038560411311053984,0.5353800438262759,1.0,1.0,1.0,0.8,0.7,0.5,0.0,0.3333333333333333,1.0,0.39762085822077464,0.01297784561297023,0.04671072959899902,0
96,My parents need easy-access attractions in Vintage and Classic Car Collection,personal,city,full,1.0,0.02252252252252252,0.06756756756756757,0.06756756756756757,1.0,1.0,1.0,1.0,0.6,1.0,0.09999999999999998,1.0,0.8,0.0,0.6835365915025448,0.03543945008111988,0.04196476936340332,0
97,I want nature and photography spots in Vintage and Classic Car Collection,personal,city,full,1.0,0.022935779816513763,0.06880733944954129,0.06880733944954129,1.0,1.0,1.0,1.0,0.8,0.5,0.15999999999999998,1.0,0.6666666666666666,0.0,0.5863792904821737,0.02994489685252833,0.04261207580566406,0
98,I need family-friendly places in Kurukshetra Panorama and Science Centre,personal,city,full,1.0,0.040983606557377046,0.12295081967213115,0.12295081967213115,1.0,1.0,1.0,1.0,0.6,0.9,0.19999999999999998,1.0,0.6666666666666666,0.0,0.5919548914960238,0.0059255253688031565,0.038149118423461914,0
99,Suggest a budget trip for me in Kurukshetra Panorama and Science Centre,personal,city,full,1.0,0.012853470437017995,0.038560411311053984,0.038560411311053984,0.5353800438262759,1.0,1.0,1.0,0.8,0.7,0.5,0.0,0.3333333333333333,1.0,0.39231551956492916,0.005126480879514163,0.047224998474121094,0
100,My parents need easy-access attractions in Kurukshetra Panorama and Science Centre,personal,city,full,1.0,0.02252252252252252,0.06756756756756757,0.06756756756756757,1.0,1.0,1.0,1.0,0.4,1.1,0.09999999999999998,1.0,0.8,0.0,0.6561661922977401,0.01819869325026175,0.040941715240478516,0
101,I want nature and photography spots in Kurukshetra Panorama and Science Centre,personal,city,full,1.0,0.022935779816513763,0.05963302752293578,0.05963302752293578,1.0,1.0,1.0,1.0,0.8,0.5,0.11999999999999997,1.0,0.6666666666666666,0.0,0.5719094152263555,0.015467218845356236,0.04440450668334961,2
102,I need family-friendly places in Chennai Railway Museum,personal,city,full,1.0,0.040983606557377046,0.12295081967213115,0.12295081967213115,1.0,1.0,1.0,1.0,0.4,0.9,0.11999999999999997,1.0,0.6666666666666666,0.0,0.5861478443796618,0.01129085752759891,0.038744211196899414,0
103,Suggest a budget trip for me in Chennai Railway Museum,personal,city,full,1.0,0.13513513513513514,0.40540540540540543,0.40540540540540543,1.0,1.0,1.0,1.0,0.6,0.7,0.5,0.0,0.6,0.0,0.5921865374380288,0.006849657635532475,0.04136252403259277,0
104,My parents need easy-access attractions in Chennai Railway Museum,personal,city,full,1.0,0.01773049645390071,0.05319148936170213,0.05319148936170213,1.0,1.0,1.0,1.0,0.6,1.0,0.09999999999999998,1.0,0.8,0.0,0.7108080757660259,0.032308625409417875,0.037847280502319336,0
105,I want nature and photography spots in Chennai Railway Museum,personal,city,full,1.0,0.022935779816513763,0.06422018348623854,0.06422018348623854,1.0,1.0,1.0,1.0,0.6,0.8,0.13999999999999996,1.0,0.6666666666666666,0.0,0.5903303785749964,0.009417224792130861,0.043405771255493164,0
106,I need family-friendly places in Kirtistambh,personal,city,full,1.0,0.040983606557377046,0.12295081967213115,0.12295081967213115,1.0,1.0,1.0,1.0,0.6,0.8,0.15999999999999998,1.0,0.6666666666666666,0.0,0.5923554595207781,0.002922669701699827,0.036646366119384766,0
107,Suggest a budget trip for me in Kirtistambh,personal,city,full,1.0,0.012853470437017995,0.03598971722365039,0.03598971722365039,0.5353800438262759,1.0,1.0,1.0,0.8,0.8,0.5,0.0,0.3333333333333333,1.0,0.39829343031992737,0.014857903488542802,0.0452725887298584,0
108,My parents need easy-access attractions in Kirtistambh,personal,city,full,1.0,0.02252252252252252,0.06756756756756757,0.06756756756756757,1.0,1.0,1.0,1.0,0.4,1.1,0.09999999999999998,1.0,0.8,0.0,0.7299451455107351,0.07596784377705272,0.04062914848327637,0
109,I want nature and photography spots in Kirtistambh,personal,city,full,1.0,0.022935779816513763,0.06880733944954129,0.06880733944954129,1.0,1.0,1.0,1.0,0.8,0.6,0.09999999999999998,1.0,0.6666666666666666,0.0,0.5904512463384008,0.031170935770635132,0.04061102867126465,0
110,I need family-friendly places in Gohilwad Timbo,personal,city,full,1.0,0.040983606557377046,0.12295081967213115,0.12295081967213115,1.0,1.0,1.0,1.0,0.6,0.9,0.13999999999999996,1.0,0.6666666666666666,0.0,0.5880486309438898,0.007304475028518211,0.0360257625579834,0
111,Suggest a budget trip for me in Gohilwad Timbo,personal,city,full,1.0,0.012853470437017995,0.03598971722365039,0.03598971722365039,0.5353800438262759,1.0,1.0,1.0,0.8,0.8,0.5,0.0,0.3333333333333333,1.0,0.3913608061695704,0.0013078365876345475,0.04513072967529297,0
112,My parents need easy-access attractions in Gohilwad Timbo,personal,city,full,1.0,0.02252252252252252,0.06756756756756757,0.06756756756756757,1.0,1.0,1.0,1.0,0.4,1.1,0.09999999999999998,1.0,0.8,0.0,0.7336840545128285,0.07736283551692394,0.039960384368896484,0
113,I want nature and photography spots in Gohilwad Timbo,personal,city,full,1.0,0.022935779816513763,0.06880733944954129,0.06880733944954129,1.0,1.0,1.0,1.0,0.6,0.8,0.11999999999999997,1.0,0.6666666666666666,0.0,0.5908133638096121,0.031026354062872876,0.04198336601257324,0
114,I need family-friendly places in Borsad Stepwell,personal,city,full,1.0,0.040983606557377046,0.12295081967213115,0.12295081967213115,1.0,1.0,1.0,1.0,0.4,0.9,0.13999999999999996,1.0,0.6666666666666666,0.0,0.5939831872230227,0.00858582424389252,0.03746294975280762,0
115,Suggest a budget trip for me in Borsad Stepwell,personal,city,full,1.0,0.012853470437017995,0.03598971722365039,0.03598971722365039,0.5353800438262759,1.0,1.0,1.0,0.8,0.8,0.5,0.0,0.3333333333333333,1.0,0.3903285047012641,0.0013516455483545198,0.046103715896606445,0
116,My parents need easy-access attractions in Borsad Stepwell,personal,city,full,1.0,0.02252252252252252,0.06756756756756757,0.06756756756756757,1.0,1.0,1.0,1.0,0.4,1.1,0.09999999999999998,1.0,0.8,0.0,0.6691349747794098,0.028860777486102867,0.03959989547729492,0
117,I want nature and photography spots in Borsad Stepwell,personal,city,full,1.0,0.022935779816513763,0.06422018348623854,0.06422018348623854,1.0,1.0,1.0,1.0,0.8,0.5,0.11999999999999997,1.0,0.6666666666666666,0.0,0.5604020405630354,0.0062743929484561835,0.04320859909057617,1
118,I need family-friendly places in Talaja Caves,personal,city,full,1.0,0.040983606557377046,0.12295081967213115,0.12295081967213115,1.0,1.0,1.0,1.0,0.6,1.0,0.13999999999999996,1.0,0.6666666666666666,0.0,0.5860387615392318,0.008803771409856978,0.03713369369506836,0
119,Suggest a budget trip for me in Talaja Caves,personal,city,full,0.8,0.010282776349614395,0.033419023136246784,0.033419023136246784,0.49906412271357237,0.5,0.5433333333333333,1.0,1.0,0.8,0.52,0.0,0.3333333333333333,1.0,0.3975778102667397,0.017095914272993507,0.0448758602142334,0
120,My parents need easy-access attractions in Talaja Caves,personal,city,full,1.0,0.02252252252252252,0.06756756756756757,0.06756756756756757,1.0,1.0,1.0,1.0,0.6,1.0,0.09999999999999998,1.0,0.8,0.0,0.6681931191673011,0.02792585197361744,0.040233612060546875,0
121,I want nature and photography spots in Talaja Caves,personal,city,full,1.0,0.022935779816513763,0.06880733944954129,0.06880733944954129,1.0,1.0,1.0,1.0,0.6,0.5,0.13999999999999996,1.0,0.6666666666666666,0.0,0.5724714194297486,0.009628387509457131,0.04241752624511719,0
122,I need family-friendly places in Amritavarshini Vav,personal,city,full,1.0,0.040983606557377046,0.12295081967213115,0.12295081967213115,1.0,1.0,1.0,1.0,0.6,0.9,0.13999999999999996,1.0,0.6666666666666666,0.0,0.5899729754525765,0.008734509447545879,0.03620147705078125,0
123,Suggest a budget trip for me in Amritavarshini Vav,personal,city,full,1.0,0.012853470437017995,0.03598971722365039,0.03598971722365039,0.5353800438262759,1.0,1.0,1.0,0.8,0.7,0.5,0.0,0.3333333333333333,1.0,0.39715076325592136,0.004377633666865972,0.045365333557128906,0
124,My parents need easy-access attractions in Amritavarshini Vav,personal,city,full,1.0,0.02252252252252252,0.06756756756756757,0.06756756756756757,1.0,1.0,1.0,1.0,0.6,1.0,0.09999999999999998,1.0,0.8,0.0,0.6612959263264716,0.02796791894868496,0.04153728485107422,0
125,I want nature and photography spots in Amritavarshini Vav,personal,city,full,1.0,0.022935779816513763,0.06880733944954129,0.06880733944954129,1.0,1.0,1.0,1.0,0.8,0.6,0.11999999999999997,1.0,0.6666666666666666,0.0,0.5645787476529985,0.005277890329853063,0.04452919960021973,0
126,I need family-friendly places in Bhuchar Mori,personal,city,full,1.0,0.040983606557377046,0.12295081967213115,0.12295081967213115,1.0,1.0,1.0,1.0,0.6,1.0,0.13999999999999996,1.0,0.6666666666666666,0.0,0.5890398181762787,0.003939749496346901,0.0368037223815918,0
127,Suggest a budget trip for me in Bhuchar Mori,personal,city,full,1.0,0.012853470437017995,0.033419023136246784,0.033419023136246784,0.5353800438262759,1.0,1.0,1.0,0.6,0.7,0.5,0.0,0.3333333333333333,1.0,0.393265984238875,0.0017444893049435278,0.04584074020385742,0
128,My parents need easy-access attractions in Bhuchar Mori,personal,city,full,1.0,0.02252252252252252,0.06756756756756757,0.06756756756756757,1.0,1.0,1.0,1.0,0.4,1.1,0.09999999999999998,1.0,0.8,0.0,0.7291336152934644,0.07707588033080504,0.04116368293762207,0
129,I want nature and photography spots in Bhuchar Mori,personal,city,full,1.0,0.022935779816513763,0.06880733944954129,0.06880733944954129,1.0,1.0,1.0,1.0,1.0,0.5,0.11999999999999997,1.0,0.6666666666666666,0.0,0.5919878143370962,0.02964471640595525,0.04129195213317871,0
130,"I need family-friendly places in Shiva temple, Kera",personal,city,full,1.0,0.03676470588235294,0.09558823529411764,0.09558823529411764,1.0,1.0,1.0,1.0,0.2,0.9,0.28,1.0,1.0,0.0,0.8573087577291971,0.011714780244172876,0.03621029853820801,2
131,"Suggest a budget trip for me in Shiva temple, Kera",personal,city,full,1.0,0.23809523809523808,0.3333333333333333,0.3333333333333333,1.0,1.0,1.0,1.0,0.4,0.8,0.4,0.0,0.6,0.0,0.5722281967657505,0.10477110875757902,0.036885976791381836,4
132,"My parents need easy-access attractions in Shiva temple, Kera",personal,city,full,1.0,0.019083969465648856,0.05725190839694656,0.05725190839694656,1.0,1.0,1.0,1.0,0.2,0.7,0.30000000000000004,1.0,0.8800000000000001,0.0,0.875299700404739,0.09473447389088428,0.03763866424560547,0
133,"I want nature and photography spots in Shiva temple, Kera",personal,city,full,1.0,0.021739130434782608,0.06521739130434782,0.06521739130434782,1.0,1.0,1.0,1.0,0.2,0.7,0.19999999999999998,1.0,1.0,0.0,0.8125244512510255,0.008272576556022836,0.04000067710876465,0
134,I need family-friendly places in Sahastralinga Tank,personal,city,full,1.0,0.040983606557377046,0.12295081967213115,0.12295081967213115,1.0,1.0,1.0,1.0,0.6,0.9,0.15999999999999998,1.0,0.6666666666666666,0.0,0.5911824515803143,0.008555952591748813,0.03779411315917969,0
135,Suggest a budget trip for me in Sahastralinga Tank,personal,city,full,1.0,0.012853470437017995,0.03598971722365039,0.03598971722365039,0.5353800438262759,1.0,1.0,1.0,0.8,0.8,0.5,0.0,0.3333333333333333,1.0,0.3956777936260244,0.005633908328000887,0.04751873016357422,0
136,My parents need easy-access attractions in Sahastralinga Tank,personal,city,full,1.0,0.02252252252252252,0.06756756756756757,0.06756756756756757,1.0,1.0,1.0,1.0,0.6,1.0,0.09999999999999998,1.0,0.8,0.0,0.693653344632482,0.057132474373267045,0.04099249839782715,0
137,I want nature and photography spots in Sahastralinga Tank,personal,city,full,1.0,0.022935779816513763,0.06880733944954129,0.06880733944954129,1.0,1.0,1.0,1.0,1.0,0.6,0.13999999999999996,1.0,0.6666666666666666,0.0,0.5854810877843432,0.025698436491543877,0.043601274490356445,0
138,I need family-friendly places in Kadia Dungar caves,personal,city,full,1.0,0.040983606557377046,0.12295081967213115,0.12295081967213115,1.0,1.0,1.0,1.0,0.6,0.9,0.15999999999999998,1.0,0.6666666666666666,0.0,0.5933177425431589,0.007417899294049287,0.037999629974365234,0
139,Suggest a budget trip for me in Kadia Dungar caves,personal,city,full,0.8,0.010282776349614395,0.033419023136246784,0.033419023136246784,0.49906412271357237,0.5,0.5433333333333333,1.0,1.0,0.8,0.52,0.0,0.3333333333333333,1.0,0.39822276489658837,0.018379994439503528,0.045343875885009766,0
140,My parents need easy-access attractions in Kadia Dungar caves,personal,city,full,1.0,0.02252252252252252,0.06756756756756757,0.06756756756756757,1.0,1.0,1.0,1.0,0.6,1.0,0.09999999999999998,1.0,0.8,0.0,0.6700722752985188,0.029176626437409096,0.040294647216796875,0
141,I want nature and photography spots in Kadia Dungar caves,personal,city,full,1.0,0.022935779816513763,0.06880733944954129,0.06880733944954129,1.0,1.0,1.0,1.0,0.6,0.5,0.13999999999999996,1.0,0.6666666666666666,0.0,0.570680336343925,0.009157109746158692,0.04360508918762207,0
142,I need family-friendly places in Brahma Kund,personal,city,full,1.0,0.040983606557377046,0.12295081967213115,0.12295081967213115,1.0,1.0,1.0,1.0,0.6,0.9,0.15999999999999998,1.0,0.6666666666666666,0.0,0.5860753311217476,0.005701162932863426,0.0362849235534668,0
143,Suggest a budget trip for me in Brahma Kund,personal,city,full,1.0,0.012853470437017995,0.03598971722365039,0.03598971722365039,0.5353800438262759,1.0,1.0,1.0,0.8,0.7,0.5,0.0,0.3333333333333333,1.0,0.42923247829371053,0.08004674706862848,0.04784369468688965,0
144,My parents need easy-access attractions in Brahma Kund,personal,city,full,1.0,0.02252252252252252,0.06756756756756757,0.06756756756756757,1.0,1.0,1.0,1.0,0.6,1.0,0.09999999999999998,1.0,0.8,0.0,0.6850454916034272,0.03339853983863288,0.040010690689086914,0
145,I want nature and photography spots in Brahma Kund,personal,city,full,1.0,0.022935779816513763,0.06880733944954129,0.06880733944954129,1.0,1.0,1.0,1.0,0.8,0.5,0.15999999999999998,1.0,0.6666666666666666,0.0,0.5872413262863183,0.028145379283272324,0.041298866271972656,0
146,I need family-friendly places in Jethabhai's Stepwell,personal,city,full,1.0,0.040983606557377046,0.12295081967213115,0.12295081967213115,1.0,1.0,1.0,1.0,0.6,0.9,0.15999999999999998,1.0,0.6666666666666666,0.0,0.5947702816114673,0.006659772605560879,0.03579974174499512,0
147,Suggest a budget trip for me in Jethabhai's Stepwell,personal,city,full,1.0,0.012853470437017995,0.03598971722365039,0.03598971722365039,0.5353800438262759,1.0,1.0,1.0,0.6,0.7,0.5,0.0,0.3333333333333333,1.0,0.39741655701639195,0.012501595511010988,0.04627871513366699,0
148,My parents need easy-access attractions in Jethabhai's Stepwell,personal,city,full,1.0,0.02252252252252252,0.06756756756756757,0.06756756756756757,1.0,1.0,1.0,1.0,0.6,1.0,0.09999999999999998,1.0,0.8,0.0,0.660220034109565,0.01624700630545269,0.0407254695892334,0
149,I want nature and photography spots in Jethabhai's Stepwell,personal,city,full,1.0,0.022935779816513763,0.06422018348623854,0.06422018348623854,1.0,1.0,1.0,1.0,0.6,0.8,0.09999999999999998,1.0,0.6666666666666666,0.0,0.5644222007209743,0.008126725382941248,0.04346060752868652,1
150,"I need family-friendly places in Rajgadhi Timbo, Umta",personal,city,full,1.0,0.040983606557377046,0.12295081967213115,0.12295081967213115,1.0,1.0,1.0,1.0,0.6,0.8,0.13999999999999996,1.0,0.6666666666666666,0.0,0.5929914947328921,0.007242336834574581,0.036627769470214844,0
151,"Suggest a budget trip for me in Rajgadhi Timbo, Umta",personal,city,full,1.0,0.012853470437017995,0.03598971722365039,0.03598971722365039,0.5353800438262759,1.0,1.0,1.0,0.6,0.8,0.5,0.0,0.3333333333333333,1.0,0.3963520991758376,0.009332535353031376,0.04477667808532715,0
152,"My parents need easy-access attractions in Rajgadhi Timbo, Umta",personal,city,full,1.0,0.02252252252252252,0.06756756756756757,0.06756756756756757,1.0,1.0,1.0,1.0,0.4,1.1,0.09999999999999998,1.0,0.8,0.0,0.7291180309716004,0.07682412660748575,0.03977060317993164,0
153,"I want nature and photography spots in Rajgadhi Timbo, Umta",personal,city,full,1.0,0.022935779816513763,0.06880733944954129,0.06880733944954129,1.0,1.0,1.0,1.0,0.8,0.6,0.11999999999999997,1.0,0.6666666666666666,0.0,0.5929050521509299,0.027774637342399478,0.041541337966918945,0
154,I need family-friendly places in Mithivav,personal,city,full,1.0,0.040983606557377046,0.12295081967213115,0.12295081967213115,1.0,1.0,1.0,1.0,0.6,0.9,0.13999999999999996,1.0,0.6666666666666666,0.0,0.592392188095155,0.004472858973585801,0.03567194938659668,0
155,Suggest a budget trip for me in Mithivav,personal,city,full,1.0,0.012853470437017995,0.038560411311053984,0.038560411311053984,0.5353800438262759,1.0,1.0,1.0,0.8,0.8,0.5,0.0,0.3333333333333333,1.0,0.39276257893145106,0.0011200340406894308,0.04534268379211426,0
156,My parents need easy-access attractions in Mithivav,personal,city,full,1.0,0.02252252252252252,0.06756756756756757,0.06756756756756757,1.0,1.0,1.0,1.0,0.4,1.1,0.09999999999999998,1.0,0.8,0.0,0.7335565092976248,0.0749917947996073,0.04021573066711426,0
157,I want nature and photography spots in Mithivav,personal,city,full,1.0,0.022935779816513763,0.06880733944954129,0.06880733944954129,1.0,1.0,1.0,1.0,0.8,0.6,0.11999999999999997,1.0,0.6666666666666666,0.0,0.5953240988836959,0.028126847784318572,0.044937849044799805,0
158,"I need family-friendly places in Shiva Temple, Bavka",personal,city,full,1.0,0.040983606557377046,0.12295081967213115,0.12295081967213115,1.0,1.0,1.0,1.0,0.6,1.0,0.13999999999999999,1.0,0.6666666666666666,0.0,0.5881898338763631,0.005833442318887421,0.03933072090148926,0
159,"Suggest a budget trip for me in Shiva Temple, Bavka",personal,city,full,1.0,0.2777777777777778,0.7222222222222222,0.7222222222222222,1.0,1.0,1.0,1.0,0.8,0.6,0.5,0.0,0.6,0.0,0.577047921345718,0.009421298137900564,0.041068077087402344,2
160,"My parents need easy-access attractions in Shiva Temple, Bavka",personal,city,full,1.0,0.01968503937007874,0.05905511811023622,0.05905511811023622,1.0,1.0,1.0,1.0,0.6,0.8,0.27999999999999997,1.0,0.8,0.0,0.7530312315557903,0.026988673922199568,0.03885936737060547,0
161,"I want nature and photography spots in Shiva Temple, Bavka",personal,city,full,1.0,0.022935779816513763,0.06880733944954129,0.06880733944954129,1.0,1.0,1.0,1.0,0.8,0.8,0.19999999999999998,1.0,0.6666666666666666,0.0,0.5809952718497178,0.014664555101166946,0.044123172760009766,0
162,I need family-friendly places in Jahaz Mahal,personal,city,full,1.0,0.040983606557377046,0.12295081967213115,0.12295081967213115,1.0,1.0,1.0,1.0,0.6,0.9,0.15999999999999998,1.0,0.6666666666666666,0.0,0.5927680823145841,0.010314117261150262,0.037985801696777344,0
163,Suggest a budget trip for me in Jahaz Mahal,personal,city,full,1.0,0.012853470437017995,0.038560411311053984,0.038560411311053984,0.5353800438262759,1.0,1.0,1.0,0.8,0.8,0.5,0.0,0.3333333333333333,1.0,0.41094064424099264,0.041265194259751455,0.044737815856933594,0
164,My parents need easy-access attractions in Jahaz Mahal,personal,city,full,1.0,0.02252252252252252,0.06756756756756757,0.06756756756756757,1.0,1.0,1.0,1.0,0.4,1.1,0.09999999999999998,1.0,0.8,0.0,0.6899643637613845,0.03545036161674815,0.04019021987915039,0
165,I want nature and photography spots in Jahaz Mahal,personal,city,full,1.0,0.022935779816513763,0.06880733944954129,0.06880733944954129,1.0,1.0,1.0,1.0,0.8,0.6,0.09999999999999998,1.0,0.6666666666666666,0.0,0.5588043251922236,0.005980017236103235,0.04336905479431152,0
166,I need family-friendly places in Bapu Museum,personal,city,full,1.0,0.040983606557377046,0.12295081967213115,0.12295081967213115,1.0,1.0,1.0,1.0,1.0,0.8,0.18,1.0,0.6666666666666666,0.0,0.5837185201020348,0.0182838831514648,0.03702497482299805,0
167,Suggest a budget trip for me in Bapu Museum,personal,city,full,1.0,0.13513513513513514,0.40540540540540543,0.40540540540540543,1.0,1.0,1.0,1.0,0.6,0.7,0.5,0.0,0.6,0.0,0.5888853394630471,0.004713863232890008,0.03922152519226074,0
168,My parents need easy-access attractions in Bapu Museum,personal,city,full,1.0,0.01773049645390071,0.05319148936170213,0.05319148936170213,1.0,1.0,1.0,1.0,0.4,0.9,0.09999999999999998,1.0,0.8,0.0,0.7144292325949699,0.028079280602981614,0.03737616539001465,0
169,I want nature and photography spots in Bapu Museum,personal,city,full,1.0,0.022935779816513763,0.06880733944954129,0.06880733944954129,1.0,1.0,1.0,1.0,0.4,0.8,0.11999999999999997,1.0,0.6666666666666666,0.0,0.6036750302893598,0.021945379176300853,0.04363679885864258,0
170,I need family-friendly places in Jorasanko Thakur Bari,personal,city,full,1.0,0.040983606557377046,0.12295081967213115,0.12295081967213115,1.0,1.0,1.0,1.0,0.6,1.0,0.13999999999999996,1.0,0.6666666666666666,0.0,0.5943050390980161,0.010338687063287383,0.03567385673522949,0
171,Suggest a budget trip for me in Jorasanko Thakur Bari,personal,city,full,1.0,0.012853470437017995,0.03598971722365039,0.03598971722365039,0.5353800438262759,1.0,1.0,1.0,0.6,0.9,0.5,0.0,0.3333333333333333,1.0,0.40472320542257795,0.02454314408196793,0.04545783996582031,0
172,My parents need easy-access attractions in Jorasanko Thakur Bari,personal,city,full,1.0,0.02252252252252252,0.06756756756756757,0.06756756756756757,1.0,1.0,1.0,1.0,0.4,1.1,0.09999999999999998,1.0,0.8,0.0,0.7240935209892709,0.04865783308301967,0.04139208793640137,0
173,I want nature and photography spots in Jorasanko Thakur Bari,personal,city,full,1.0,0.022935779816513763,0.06880733944954129,0.06880733944954129,1.0,1.0,1.0,1.0,0.8,0.8,0.15999999999999998,1.0,0.6666666666666666,0.0,0.5878900071166918,0.03405677113658457,0.04318642616271973,0
174,I need family-friendly places in Chaunsath Yogini temple,personal,city,full,1.0,0.040983606557377046,0.12295081967213115,0.12295081967213115,1.0,1.0,1.0,1.0,0.6,1.0,0.13999999999999996,1.0,0.6666666666666666,0.0,0.5818617310837875,0.007316456761385142,0.03733944892883301,0
175,Suggest a budget trip for me in Chaunsath Yogini temple,personal,city,full,1.0,0.2777777777777778,0.7777777777777778,0.7777777777777778,1.0,1.0,1.0,1.0,0.6,0.6,0.5,0.0,0.6,0.0,0.57557245579459,0.008685998981185558,0.03794097900390625,0
176,My parents need easy-access attractions in Chaunsath Yogini temple,personal,city,full,1.0,0.01968503937007874,0.05905511811023622,0.05905511811023622,1.0,1.0,1.0,1.0,0.6,0.8,0.24,1.0,0.8,0.0,0.7382877660759524,0.021348726453042595,0.037756919860839844,0
177,I want nature and photography spots in Chaunsath Yogini temple,personal,city,full,1.0,0.022935779816513763,0.06880733944954129,0.06880733944954129,1.0,1.0,1.0,1.0,0.6,0.8,0.15999999999999998,1.0,0.6666666666666666,0.0,0.5775464198212444,0.012444749511780769,0.0443572998046875,0
178,"I need family-friendly places in National Fossil Wood Park, Tiruvakkarai",personal,city,full,1.0,0.040983606557377046,0.12295081967213115,0.12295081967213115,1.0,1.0,1.0,1.0,0.6,0.9,0.15999999999999998,1.0,0.6666666666666666,0.0,0.573969715806907,0.009332564833159848,0.03867077827453613,0
179,"Suggest a budget trip for me in National Fossil Wood Park, Tiruvakkarai",personal,city,full,1.0,0.012853470437017995,0.03598971722365039,0.03598971722365039,0.5353800438262759,1.0,1.0,1.0,1.0,0.6,0.5,0.0,0.3333333333333333,1.0,0.43807549659141615,0.04659869936733,0.04301786422729492,0
180,"My parents need easy-access attractions in National Fossil Wood Park, Tiruvakkarai",personal,city,full,1.0,0.02252252252252252,0.06756756756756757,0.06756756756756757,1.0,1.0,1.0,1.0,0.6,1.0,0.09999999999999998,1.0,0.8,0.0,0.6669486600751082,0.03380412815653674,0.04042673110961914,0
181,"I want nature and photography spots in National Fossil Wood Park, Tiruvakkarai",personal,city,full,1.0,0.022935779816513763,0.06880733944954129,0.06880733944954129,1.0,1.0,1.0,1.0,1.0,0.5,0.09999999999999998,1.0,0.6666666666666666,0.0,0.6040168154752605,0.005503741589163691,0.04185914993286133,0
182,I need family-friendly places in Undavalli Caves,personal,city,full,1.0,0.040983606557377046,0.12295081967213115,0.12295081967213115,1.0,1.0,1.0,1.0,0.4,0.9,0.13999999999999996,1.0,0.6666666666666666,0.0,0.5897640472607346,0.009679672343941709,0.038051605224609375,0
183,Suggest a budget trip for me in Undavalli Caves,personal,city,full,0.8,0.010282776349614395,0.033419023136246784,0.033419023136246784,0.49906412271357237,0.5,0.5433333333333333,1.0,1.0,0.8,0.52,0.0,0.3333333333333333,1.0,0.39413685099256196,0.01026981508335526,0.04615020751953125,0
184,My parents need easy-access attractions in Undavalli Caves,personal,city,full,1.0,0.02252252252252252,0.06756756756756757,0.06756756756756757,1.0,1.0,1.0,1.0,0.6,1.0,0.09999999999999998,1.0,0.8,0.0,0.6557497421579775,0.017649544716735542,0.040015459060668945,0
185,I want nature and photography spots in Undavalli Caves,personal,city,full,1.0,0.022935779816513763,0.06880733944954129,0.06880733944954129,1.0,1.0,1.0,1.0,1.0,0.5,0.19999999999999998,1.0,0.6666666666666666,0.0,0.5787436868708487,0.01696443285574206,0.04360008239746094,0
186,I need family-friendly places in Nariman Point,personal,city,full,1.0,0.040983606557377046,0.12295081967213115,0.12295081967213115,1.0,1.0,1.0,1.0,0.6,1.0,0.11999999999999997,1.0,0.6666666666666666,0.0,0.5854853179888593,0.005163909794346619,0.03598141670227051,0
187,Suggest a budget trip for me in Nariman Point,personal,city,full,1.0,0.012853470437017995,0.03598971722365039,0.03598971722365039,0.5353800438262759,1.0,1.0,1.0,0.6,0.9,0.5,0.0,0.3333333333333333,1.0,0.44516850954278464,0.08127196647834403,0.04450702667236328,0
188,My parents need easy-access attractions in Nariman Point,personal,city,full,1.0,0.02252252252252252,0.06756756756756757,0.06756756756756757,1.0,1.0,1.0,1.0,0.4,1.0,0.11999999999999997,1.0,0.8,0.0,0.6972885482811524,0.04979555458693797,0.04010438919067383,0
189,I want nature and photography spots in Nariman Point,personal,city,full,1.0,0.022935779816513763,0.06880733944954129,0.06880733944954129,1.0,1.0,1.0,1.0,0.8,0.8,0.19999999999999998,1.0,0.6666666666666666,0.0,0.57714188114208,0.015060538554131468,0.042246103286743164,0
190,I need family-friendly places in Ambedkar Memorial,personal,city,full,1.0,0.040983606557377046,0.12295081967213115,0.12295081967213115,1.0,1.0,1.0,1.0,0.6,0.9,0.13999999999999996,1.0,0.6666666666666666,0.0,0.5952316895696491,0.0066279589453641045,0.03664565086364746,0
191,Suggest a budget trip for me in Ambedkar Memorial,personal,city,full,1.0,0.012853470437017995,0.03598971722365039,0.03598971722365039,0.5353800438262759,1.0,1.0,1.0,0.8,0.7,0.5,0.0,0.3333333333333333,1.0,0.3941644765393087,0.003971610767346902,0.04391789436340332,0
192,My parents need easy-access attractions in Ambedkar Memorial,personal,city,full,1.0,0.02252252252252252,0.06756756756756757,0.06756756756756757,1.0,1.0,1.0,1.0,0.6,1.0,0.09999999999999998,1.0,0.8,0.0,0.6572657646638158,0.01910355483696885,0.03936934471130371,0
193,I want nature and photography spots in Ambedkar Memorial,personal,city,full,1.0,0.022935779816513763,0.06880733944954129,0.06880733944954129,1.0,1.0,1.0,1.0,0.6,0.8,0.11999999999999997,1.0,0.6666666666666666,0.0,0.5582175108008666,0.007365709439309899,0.0428462028503418,0
194,I need family-friendly places in Snake Park,personal,city,full,1.0,0.040983606557377046,0.12295081967213115,0.12295081967213115,1.0,1.0,1.0,1.0,0.8,1.0,0.15999999999999998,1.0,0.6666666666666666,0.0,0.5972989034339047,0.007908903215776131,0.03733229637145996,0
195,Suggest a budget trip for me in Snake Park,personal,city,full,1.0,0.012853470437017995,0.038560411311053984,0.038560411311053984,0.5353800438262759,1.0,1.0,1.0,0.8,0.6,0.5,0.0,0.3333333333333333,1.0,0.4210932385956692,0.03867987587951025,0.043982505798339844,0
196,My parents need easy-access attractions in Snake Park,personal,city,full,1.0,0.02252252252252252,0.06756756756756757,0.06756756756756757,1.0,1.0,1.0,1.0,0.6,1.0,0.09999999999999998,1.0,0.8,0.0,0.6894351854721572,0.0744207929888084,0.03999018669128418,0
197,I want nature and photography spots in Snake Park,personal,city,full,1.0,0.022935779816513763,0.06880733944954129,0.06880733944954129,1.0,1.0,1.0,1.0,0.8,0.6,0.11999999999999997,1.0,0.6666666666666666,0.0,0.5798313385155576,0.00683492850012015,0.04010295867919922,0
198,I need family-friendly places in Arjuna's Penance,personal,city,full,1.0,0.04032258064516129,0.12096774193548387,0.12096774193548387,1.0,1.0,1.0,1.0,0.6,1.0,0.18,1.0,0.6,0.2,0.5970627070154604,0.03807142627042129,0.03710007667541504,0
199,Suggest a budget trip for me in Arjuna's Penance,personal,city,full,1.0,0.012853470437017995,0.038560411311053984,0.038560411311053984,0.6622055130262092,1.0,1.0,1.0,0.8,0.8,0.4,0.0,0.26666666666666666,1.0,0.42539195584749445,0.1430821098232308,0.04530692100524902,5
200,My parents need easy-access attractions in Arjuna's Penance,personal,city,full,1.0,0.02242152466367713,0.06726457399103139,0.06726457399103139,1.0,1.0,1.0,1.0,0.6,1.0,0.18,1.0,0.76,0.0,0.6942943983755759,0.0681621637279976,0.04233074188232422,0
1,Best adventure places in India,generic,broad,no_graph,0.4,0.04,0.12,0.12,0.3156484524795145,0.3333333333333333,0.16666666666666666,1.0,0.6,0.7,0.24,1.0,0.8,0.2,0.5884103240959897,0.011101289161409983,0.034809112548828125,0
2,Best beach places in India,generic,broad,no_graph,1.0,0.1,0.24,0.24,1.0,1.0,1.0,1.0,0.4,0.7,0.32,1.0,1.0,0.0,0.7262284732826677,0.048574557865437955,0.026128768920898438,0
3,Best cultural places in India,generic,broad,no_graph,0.4,0.04,0.1,0.1,0.5531464700081437,1.0,0.4,1.0,0.6,0.8,0.26,1.0,1.0,0.0,0.5923526402313201,0.007630050392823802,0.03282523155212402,0
4,Best family places in India,generic,broad,no_graph,0.6,0.06,0.18,0.18,0.6843515475204855,1.0,0.52,1.0,0.6,0.7,0.22000000000000003,1.0,0.8,0.2,0.6155627859617173,0.02756631928715912,0.03306388854980469,0
5,Best food places in India,generic,broad,no_graph,1.0,0.1,0.24,0.24,1.0,1.0,1.0,1.0,0.6,0.7,0.22000000000000003,0.0,0.6666666666666666,0.0,0.6198883140611418,0.04575854940421466,0.03231477737426758,0
6,Best nature places in India,generic,broad,no_graph,0.8,0.08,0.12,0.12,0.830419897363192,1.0,0.71,1.0,0.4,0.9,0.13999999999999999,1.0,0.8,0.2,0.6330586872449513,0.08760599314578284,0.037299394607543945,0
7,Best photography places in India,generic,broad,no_graph,1.0,0.21739130434782608,0.5217391304347826,0.5217391304347826,1.0,1.0,1.0,1.0,0.8,0.4,0.26,1.0,1.0,0.0,0.6628367859014753,0.10614442760875759,0.030839920043945312,0
8,Best spiritual places in India,generic,broad,no_graph,0.4,0.04,0.14,0.14,0.38356636737133565,0.5,0.2333333333333333,1.0,0.6,0.7,0.27999999999999997,1.0,0.8,0.2,0.622482157768097,0.05284138795229384,0.03034520149230957,0
9,Best wellness places in India,generic,broad,no_graph,0.6,1.0,1.0,1.0,1.0,1.0,1.0,1.0,0.6,0.8,0.22000000000000003,1.0,0.6,0.4,0.7006070209261923,0.12150273035486077,0.03271675109863281,0
10,Best wildlife places in India,generic,broad,no_graph,0.4,0.04,0.16,0.16,0.5531464700081437,1.0,0.4,1.0,0.8,0.5,0.26,1.0,1.0,0.0,0.662199216683525,0.13083200751409876,0.03142118453979492,0
11,Top attractions in North,generic,city,no_graph,1.0,0.4166666666666667,0.8333333333333334,0.8333333333333334,1.0,1.0,1.0,1.0,0.4,0.4,0.21999999999999997,1.0,1.0,0.0,0.7885296794864527,0.10666587998650806,0.03570914268493652,0
12,Top attractions in South,generic,city,no_graph,1.0,0.45454545454545453,0.8181818181818182,0.8181818181818182,1.0,1.0,1.0,1.0,0.6,0.8,0.38,1.0,1.0,0.0,0.8588042999346002,0.032137690629417064,0.03694725036621094,0
13,Top attractions in West,generic,city,no_graph,1.0,0.22727272727272727,0.5,0.5,1.0,1.0,1.0,1.0,0.4,0.7,0.36,1.0,1.0,0.0,0.7665244087896688,0.030859417064483922,0.034759521484375,0
14,Top attractions in East/Northeast,generic,city,no_graph,1.0,0.08333333333333333,0.23333333333333334,0.23333333333333334,1.0,1.0,1.0,1.0,0.2,0.4,0.28,1.0,1.0,0.0,0.8730056934068406,0.10402583944002049,0.036379337310791016,0
15,Top attractions in Central,generic,city,no_graph,0.8,1.0,1.0,1.0,1.0,1.0,1.0,1.0,0.4,0.9,0.3,1.0,0.9,0.0,0.6996732170732569,0.03879953037954081,0.038060903549194336,0
16,Best beach destinations in India,generic,broad,no_graph,1.0,0.1,0.26,0.26,1.0,1.0,1.0,1.0,0.6,0.5,0.38,1.0,1.0,0.0,0.8910751547520632,0.054389583605775935,0.029693126678466797,0
17,Top heritage and historical places in India,generic,broad,no_graph,0.0,0.0,0.1,0.1,0.0,0.0,0.0,0.0,0.4,0.6,0.44000000000000006,1.0,1.0,0.0,0.8319922842312627,0.0442566047341904,0.03654170036315918,0
18,Best hill stations in India,generic,broad,no_graph,0.4,0.04,0.08,0.08,0.36989169475634087,0.5,0.2,1.0,0.4,1.0,0.24000000000000005,1.0,0.0,0.0,0.6009586428177665,0.03623125476928691,0.03638887405395508,0
19,Top spiritual destinations in India,generic,broad,no_graph,0.6,0.06,0.2,0.2,0.4912596920895758,0.5,0.32,1.0,0.4,0.7,0.3,1.0,0.8666666666666666,0.2,0.648801266149938,0.03531385329490139,0.03494763374328613,0
20,Best wildlife and nature destinations in India,generic,broad,no_graph,0.4,0.04,0.18,0.18,0.4703652827859579,1.0,0.27999999999999997,1.0,0.8,0.4,0.26,1.0,1.0,0.0,0.8053660869422975,0.09797143827530692,0.03628206253051758,0
21,Top museums and monuments in India,generic,broad,no_graph,0.2,0.02,0.06,0.06,0.11239132823805995,0.2,0.04,1.0,0.6,0.5,0.3,1.0,0.0,0.0,0.5935245491773407,0.05755683554614354,0.03318023681640625,0
22,Best places to visit in Hawa Mahal,generic,city,no_graph,1.0,0.012853470437017995,0.038560411311053984,0.038560411311053984,0.8908366488856269,1.0,1.0,1.0,0.4,0.6,0.15999999999999998,1.0,0.5,0.0,0.5421367383650323,0.09188174916818173,0.03845047950744629,0
23,Best places to visit in Deekshabhoomi,generic,city,no_graph,1.0,0.012853470437017995,0.03598971722365039,0.03598971722365039,0.8464526108426152,1.0,1.0,1.0,0.6,0.4,0.24,1.0,0.5,0.0,0.6080337345290474,0.02777810642312131,0.04045915603637695,0
24,Best places to visit in Ram-Raja,generic,city,no_graph,1.0,0.012853470437017995,0.03598971722365039,0.03598971722365039,0.7313741008004345,1.0,1.0,1.0,0.6,0.7,0.30000000000000004,1.0,0.5,0.0,0.5590952559574324,0.05372308332851038,0.038756370544433594,0
25,Best places to visit in Matangeshwar Temple,generic,city,no_graph,1.0,0.038461538461538464,0.1,0.1,1.0,1.0,1.0,1.0,0.6,0.7,0.34,1.0,0.75,0.0,0.6186948890038033,0.04372647729099308,0.03979015350341797,0
26,Best places to visit in Barakhamba's Tomb,generic,city,no_graph,1.0,0.012853470437017995,0.033419023136246784,0.033419023136246784,0.8302320205125012,1.0,1.0,1.0,0.4,0.8,0.21999999999999997,1.0,0.5,0.0,0.5282338495706821,0.031640589976281865,0.03986215591430664,0
27,Best places to visit in Munnar,generic,city,no_graph,0.2,1.0,1.0,1.0,1.0,1.0,1.0,1.0,0.8,0.7,0.2,1.0,0.6,0.0,0.5456481361804255,0.2276884375933818,0.03494691848754883,0
28,Best places to visit in Marina Beach,generic,city,no_graph,1.0,0.08620689655172414,0.2413793103448276,0.2413793103448276,1.0,1.0,1.0,1.0,0.6,0.6,0.32,1.0,0.75,0.0,0.6046863754666542,0.006664027604560105,0.032370567321777344,0
29,Best places to visit in Gateway of India,generic,city,no_graph,1.0,0.012853470437017995,0.038560411311053984,0.038560411311053984,0.8042215308021042,1.0,1.0,1.0,0.4,0.5,0.24000000000000005,1.0,0.5,0.0,0.5789010391309792,0.013241487787965111,0.03822016716003418,0
30,Best places to visit in Qutub Minar,generic,city,no_graph,1.0,0.012853470437017995,0.03598971722365039,0.03598971722365039,0.9362320369031941,1.0,1.0,1.0,0.6,0.6,0.13999999999999999,1.0,0.5,0.0,0.5160052602502521,0.10263104738229585,0.039339542388916016,0
31,Best places to visit in Red Fort,generic,city,no_graph,1.0,0.02262443438914027,0.06787330316742081,0.06787330316742081,1.0,1.0,1.0,1.0,0.6,0.5,0.24,1.0,0.75,0.0,0.6858723142703799,0.10860327832256762,0.04030442237854004,0
32,Best places to visit in Golden Temple,generic,city,no_graph,1.0,0.038461538461538464,0.1076923076923077,0.1076923076923077,1.0,1.0,1.0,1.0,0.6,0.7,0.25999999999999995,1.0,0.75,0.0,0.6124542336220352,0.0713843488887061,0.039464712142944336,0
33,Best places to visit in Mysore Palace,generic,city,no_graph,1.0,0.012853470437017995,0.038560411311053984,0.038560411311053984,0.8607171146486357,1.0,1.0,1.0,0.8,0.8,0.19999999999999998,1.0,0.5,0.0,0.5387451960791569,0.08723445877280625,0.03985452651977539,0
34,Best places to visit in Charminar,generic,city,no_graph,1.0,0.012853470437017995,0.03598971722365039,0.03598971722365039,0.8801666553558124,1.0,1.0,1.0,0.4,0.7,0.15999999999999998,1.0,0.5,0.0,0.5964237304208269,0.015809899302483606,0.0404965877532959,0
35,Best places to visit in Hampi,generic,city,no_graph,0.2,1.0,1.0,1.0,1.0,1.0,1.0,1.0,0.8,0.7,0.18,1.0,0.6,0.0,0.5319954215185778,0.23484670539386415,0.03910946846008301,0
36,Best places to visit in Ellora Caves,generic,city,no_graph,1.0,0.012853470437017995,0.038560411311053984,0.038560411311053984,0.7198427294189447,1.0,1.0,1.0,0.4,0.7,0.34,1.0,0.5,0.0,0.6237879768218185,0.04403246283178703,0.039228200912475586,0
37,Best places to visit in Konark Sun Temple,generic,city,no_graph,0.8,0.03076923076923077,0.1076923076923077,0.1076923076923077,0.6608397947263839,0.5,0.5433333333333333,1.0,0.6,0.7,0.27999999999999997,1.0,0.65,0.2,0.58972820931236,0.01011795337029824,0.03971052169799805,0
38,Best places to visit in Jagannath Temple,generic,city,no_graph,1.0,0.038461538461538464,0.11538461538461539,0.11538461538461539,1.0,1.0,1.0,1.0,1.0,0.8,0.26000000000000006,1.0,0.75,0.0,0.6339704643495854,0.08600220656561801,0.03977513313293457,0
39,Best places to visit in Radhanagar Beach,generic,city,no_graph,1.0,0.08620689655172414,0.25862068965517243,0.25862068965517243,1.0,1.0,1.0,1.0,0.8,0.6,0.3,1.0,0.75,0.0,0.6364650793139276,0.06133230840219567,0.03421950340270996,0
40,Best places to visit in Varkala Beach,generic,city,no_graph,1.0,0.08620689655172414,0.2413793103448276,0.2413793103448276,1.0,1.0,1.0,1.0,0.6,0.9,0.3,1.0,0.75,0.0,0.6323331177311807,0.08144609394836151,0.03417825698852539,0
41,Best places to visit in Darjeeling,generic,city,no_graph,0.8,1.0,1.0,1.0,1.0,1.0,1.0,1.0,0.4,0.7,0.22000000000000003,1.0,0.9,0.0,0.7619406588090831,0.1782153531303492,0.03740191459655762,0
42,Best places to visit in Ooty,generic,city,no_graph,0.2,1.0,1.0,1.0,1.0,1.0,1.0,1.0,0.8,0.7,0.2,1.0,0.6,0.0,0.5487821163762553,0.22689489686644507,0.03889608383178711,0
43,Best places to visit in Madame Tussaud’s Museum,generic,city,no_graph,1.0,0.02262443438914027,0.06334841628959276,0.06334841628959276,1.0,1.0,1.0,1.0,1.0,0.8,0.33999999999999997,1.0,0.75,0.0,0.6524391180043001,0.07070327212297242,0.04006552696228027,0
44,Best places to visit in B M Birla Science Museum,generic,city,no_graph,1.0,0.02262443438914027,0.06334841628959276,0.06334841628959276,1.0,1.0,1.0,1.0,1.0,0.7,0.34,1.0,0.75,0.0,0.6189110851845484,0.03415028938264205,0.043334245681762695,0
45,Best places to visit in City Palace Jaipur,generic,city,no_graph,1.0,0.012853470437017995,0.038560411311053984,0.038560411311053984,0.8970330357613391,1.0,1.0,1.0,0.6,0.6,0.18,1.0,0.5,0.0,0.5808203855406648,0.0709785157501759,0.03895235061645508,0
46,Best places to visit in Agra Fort,generic,city,no_graph,1.0,0.02262443438914027,0.06787330316742081,0.06787330316742081,1.0,1.0,1.0,1.0,0.6,0.7,0.11999999999999997,1.0,0.75,0.0,0.6447104609047769,0.1004991131787942,0.04192852973937988,0
47,Best places to visit in Kaziranga National Park,generic,city,no_graph,1.0,0.046296296296296294,0.1111111111111111,0.1111111111111111,1.0,1.0,1.0,1.0,0.8,0.3,0.26,1.0,0.75,0.0,0.6527938761554476,0.08156203372673651,0.03622770309448242,0
48,Best places to visit in Joshi's Museum of Miniature Railways,generic,city,no_graph,1.0,0.02252252252252252,0.06756756756756757,0.06756756756756757,1.0,1.0,1.0,1.0,1.0,0.8,0.4,1.0,0.75,0.0,0.6647184113541413,0.05106838299136176,0.0413515567779541,0
49,Best places to visit in Shanker's International Doll Museum,generic,city,no_graph,0.8,0.01809954751131222,0.058823529411764705,0.058823529411764705,0.8539316501572936,1.0,0.76,1.0,0.8,0.8,0.22000000000000003,1.0,0.65,0.2,0.638447439385696,0.05692194784895653,0.03985476493835449,0
50,Best places to visit in Sree Chithra Art Gallery,generic,city,no_graph,1.0,0.012853470437017995,0.03598971722365039,0.03598971722365039,0.8168288945581562,1.0,1.0,1.0,0.6,0.8,0.2,1.0,0.5,0.0,0.5991964182901242,0.02639567188583404,0.040776729583740234,0
51,Best places to visit in Lalbhai Dalpatbhai Museum,generic,city,no_graph,1.0,0.02262443438914027,0.06334841628959276,0.06334841628959276,1.0,1.0,1.0,1.0,0.6,0.7,0.3,1.0,0.75,0.0,0.6281207119632596,0.06271383311257614,0.040808916091918945,0
52,Best places to visit in Bangalore Palace,generic,city,no_graph,1.0,0.012853470437017995,0.03598971722365039,0.03598971722365039,0.8591256147703091,1.0,1.0,1.0,0.6,0.8,0.22000000000000003,1.0,0.5,0.0,0.4853891185771667,0.10258795868334164,0.038152217864990234,0
53,Best places to visit in Fatehpur Sikri,generic,city,no_graph,0.2,1.0,1.0,1.0,1.0,1.0,1.0,1.0,0.6,0.7,0.13999999999999999,1.0,0.6,0.0,0.5277141463735177,0.23625173975467853,0.03810310363769531,0
54,Best places to visit in Lalbagh Botanical Garden,generic,city,no_graph,1.0,0.012853470437017995,0.038560411311053984,0.038560411311053984,0.8913324913564183,1.0,1.0,1.0,0.4,1.0,0.18,1.0,0.5,0.0,0.5964107274560486,0.06291151166921019,0.040857553482055664,0
55,Best places to visit in Cubbon Park,generic,city,no_graph,1.0,0.012853470437017995,0.038560411311053984,0.038560411311053984,0.8414634966847488,1.0,1.0,1.0,0.8,0.8,0.26,1.0,0.5,0.0,0.5618412165606131,0.061686176826340915,0.037828922271728516,0
56,Best places to visit in Sri Venkateswara Zoological Park,generic,city,no_graph,1.0,0.012853470437017995,0.03598971722365039,0.03598971722365039,0.703922058816332,1.0,1.0,1.0,0.8,0.7,0.32,1.0,0.5,0.0,0.5750727795943364,0.04621807651406318,0.04079771041870117,0
57,Best places to visit in Ranthambore National Park,generic,city,no_graph,0.8,0.037037037037037035,0.12962962962962962,0.12962962962962962,0.6608397947263839,0.5,0.5433333333333333,1.0,0.8,0.3,0.18,1.0,0.65,0.2,0.5735318303162074,0.01386630360616464,0.03829693794250488,0
58,Best places to visit in Meenakshi Temple,generic,city,no_graph,1.0,0.038461538461538464,0.1076923076923077,0.1076923076923077,1.0,1.0,1.0,1.0,0.6,0.6,0.36,1.0,0.75,0.0,0.6120042325447652,0.04192709196804877,0.04003572463989258,0
59,Best places to visit in Nainital,generic,city,no_graph,0.8,1.0,1.0,1.0,1.0,1.0,1.0,1.0,0.4,0.8,0.25999999999999995,1.0,0.9,0.0,0.7386839329882202,0.16799581316499287,0.03730583190917969,0
60,"Best places to visit in War Memorial, Batasia Loop",generic,city,no_graph,1.0,0.012853470437017995,0.038560411311053984,0.038560411311053984,0.6944123896123184,1.0,1.0,1.0,0.8,0.8,0.34,1.0,0.5,0.0,0.5390589808848791,0.0906868448618687,0.03942370414733887,0
61,Best places to visit in Elephanta Caves,generic,city,no_graph,1.0,0.012853470437017995,0.038560411311053984,0.038560411311053984,0.701684768862593,1.0,1.0,1.0,0.4,0.7,0.36,1.0,0.5,0.0,0.5918678613162033,0.05253086098094704,0.04010486602783203,0
62,Best places to visit in Gandhi Ninaivu Arungatchiyagam,generic,city,no_graph,1.0,0.012853470437017995,0.03598971722365039,0.03598971722365039,0.7601373879683346,1.0,1.0,1.0,0.6,0.9,0.26,1.0,0.5,0.0,0.6008266006014749,0.024076662900662852,0.03872990608215332,0
63,Best places to visit in Gangotri,generic,city,no_graph,0.2,1.0,1.0,1.0,1.0,1.0,1.0,1.0,0.8,0.8,0.22000000000000003,1.0,0.6,0.0,0.5351740515815222,0.23279929842771852,0.03804802894592285,0
64,Best places to visit in Doss & Co.,generic,city,no_graph,1.0,0.012853470437017995,0.038560411311053984,0.038560411311053984,0.8750462853729217,1.0,1.0,1.0,0.4,0.6,0.22000000000000003,1.0,0.5,0.0,0.6029823667351921,0.02010090116811961,0.03830981254577637,0
65,Best places to visit in Buland Darwaza,generic,city,no_graph,1.0,0.012853470437017995,0.038560411311053984,0.038560411311053984,0.8906867012810057,1.0,1.0,1.0,0.6,0.7,0.18,1.0,0.5,0.0,0.47622520522068523,0.10198315796090346,0.03799033164978027,0
66,Best places to visit in Jasmalnathji Mahadev Temple,generic,city,no_graph,0.8,0.03076923076923077,0.1,0.1,0.8539316501572936,1.0,0.76,1.0,0.6,0.7,0.26,1.0,0.65,0.2,0.5892622564695814,0.015243359039250908,0.04134654998779297,0
67,Best places to visit in Kerala Soil Museum,generic,city,no_graph,1.0,0.02262443438914027,0.058823529411764705,0.058823529411764705,1.0,1.0,1.0,1.0,0.8,0.7,0.34,1.0,0.75,0.0,0.6276606996879841,0.04101033805990177,0.04176664352416992,0
68,Best places to visit in Gauribidanuru,generic,city,no_graph,1.0,0.012853470437017995,0.03598971722365039,0.03598971722365039,0.910436161715684,1.0,1.0,1.0,0.6,0.8,0.18,1.0,0.5,0.0,0.6026401258220286,0.028107941546863847,0.039017438888549805,0
69,Best places to visit in Rupnagar,generic,city,no_graph,0.2,1.0,1.0,1.0,1.0,1.0,1.0,1.0,0.6,0.8,0.26,1.0,0.6,0.0,0.6719247861121083,0.16416605885290753,0.03997993469238281,0
70,Best places to visit in Amarkantak,generic,city,no_graph,1.0,0.012853470437017995,0.03598971722365039,0.03598971722365039,0.8741202406029805,1.0,1.0,1.0,0.8,0.7,0.22000000000000003,1.0,0.5,0.0,0.5915222223271652,0.03519839682036025,0.039978981018066406,0
71,Best places to visit in Sohra (Cherrapunji),generic,city,no_graph,1.0,0.012853470437017995,0.038560411311053984,0.038560411311053984,0.8463682788913766,1.0,1.0,1.0,0.6,0.7,0.2,1.0,0.5,0.0,0.4858166233543809,0.07500252160388907,0.03981900215148926,0
72,Best places to visit in Shillong,generic,city,no_graph,0.2,1.0,1.0,1.0,1.0,1.0,1.0,1.0,0.8,0.7,0.22000000000000003,1.0,0.6,0.0,0.5450911893719128,0.22802183334349177,0.03718757629394531,0
73,Best places to visit in Triumph of Labour,generic,city,no_graph,1.0,0.012853470437017995,0.03598971722365039,0.03598971722365039,0.9088446618373576,1.0,1.0,1.0,0.6,0.7,0.18,1.0,0.5,0.0,0.6144134501650615,0.012278004518110373,0.03917074203491211,0
74,Best places to visit in Sanskar Kendra,generic,city,no_graph,1.0,0.012853470437017995,0.038560411311053984,0.038560411311053984,0.7323001455703756,1.0,1.0,1.0,0.6,0.8,0.32,1.0,0.5,0.0,0.5984000278873338,0.010270381182250909,0.040766000747680664,0
75,Best places to visit in Indo-Portuguese Museum,generic,city,no_graph,1.0,0.02262443438914027,0.06334841628959276,0.06334841628959276,1.0,1.0,1.0,1.0,0.8,0.9,0.25999999999999995,1.0,0.75,0.0,0.6740433361603414,0.05205693301353874,0.04027557373046875,0
76,Best places to visit in Jamali Kamali Tomb,generic,city,no_graph,1.0,0.012853470437017995,0.03598971722365039,0.03598971722365039,0.8319538274807354,1.0,1.0,1.0,0.6,0.7,0.24,1.0,0.5,0.0,0.5768493042654861,0.03143807075206901,0.03904557228088379,0
77,Best places to visit in Kerala Museum,generic,city,no_graph,1.0,0.02262443438914027,0.058823529411764705,0.058823529411764705,1.0,1.0,1.0,1.0,0.8,0.7,0.34,1.0,0.75,0.0,0.631675855792688,0.03848563345173001,0.04109621047973633,0
78,Best places to visit in Iron Pillar,generic,city,no_graph,1.0,0.012853470437017995,0.038560411311053984,0.038560411311053984,0.815537314407331,1.0,1.0,1.0,0.6,0.8,0.22000000000000003,1.0,0.5,0.0,0.5844235421704225,0.012735467014949806,0.03877592086791992,0
79,Best places to visit in Guwahati Planetarium,generic,city,no_graph,1.0,0.012853470437017995,0.038560411311053984,0.038560411311053984,0.8323193628616191,1.0,1.0,1.0,0.6,0.5,0.22000000000000003,1.0,0.5,0.0,0.48643596303950254,0.06129342221864824,0.037457942962646484,0
80,Best places to visit in Tomb of Abdul Rahim Khan-i-Khanan,generic,city,no_graph,1.0,0.012853470437017995,0.033419023136246784,0.033419023136246784,0.8051016004333764,1.0,1.0,1.0,0.6,0.8,0.24,1.0,0.5,0.0,0.5660511516252354,0.027635413686209448,0.039453744888305664,0
81,Best places to visit in Chhota Qutub Minar,generic,city,no_graph,1.0,0.012853470437017995,0.038560411311053984,0.038560411311053984,0.9362320369031941,1.0,1.0,1.0,0.6,0.6,0.13999999999999999,1.0,0.5,0.0,0.5092297569679881,0.10156834946371367,0.039320945739746094,0
82,I need family-friendly places in Ajitgarh,personal,city,no_graph,1.0,0.040983606557377046,0.10655737704918032,0.10655737704918032,1.0,1.0,1.0,1.0,0.6,0.7,0.28,1.0,0.6666666666666666,0.0,0.58058337213422,0.014396803572436946,0.035839080810546875,0
83,Suggest a budget trip for me in Ajitgarh,personal,city,no_graph,0.6666666666666666,0.005141388174807198,0.03598971722365039,0.03598971722365039,0.4872328561228405,1.0,0.4,1.0,1.0,1.0,0.4000000000000001,0.0,0.1111111111111111,1.0,0.41051667959484556,0.12257200031992761,0.040416717529296875,12
84,My parents need easy-access attractions in Ajitgarh,personal,city,no_graph,1.0,0.02252252252252252,0.05405405405405406,0.05405405405405406,1.0,1.0,1.0,1.0,0.4,0.8,0.22000000000000003,1.0,0.8,0.0,0.7174229509312511,0.09252611381307065,0.04055166244506836,0
85,I want nature and photography spots in Ajitgarh,personal,city,no_graph,1.0,0.022935779816513763,0.06422018348623854,0.06422018348623854,1.0,1.0,1.0,1.0,0.4,0.6,0.25999999999999995,1.0,0.6666666666666666,0.0,0.6037579688727595,0.04918245941715918,0.037326812744140625,1
86,I need family-friendly places in Ashoka Pillar,personal,city,no_graph,0.8,0.03278688524590164,0.07377049180327869,0.07377049180327869,0.830419897363192,1.0,0.71,1.0,0.6,0.9,0.27999999999999997,1.0,0.5333333333333333,0.2,0.5788307316201186,0.06952643133863518,0.03535604476928711,4
87,Suggest a budget trip for me in Ashoka Pillar,personal,city,no_graph,1.0,0.010282776349614395,0.038560411311053984,0.038560411311053984,0.5835928962196123,1.0,0.8,1.0,1.0,0.875,0.4,0.0,0.16666666666666666,1.0,0.44011321195669384,0.10499453104351658,0.039816856384277344,11
88,My parents need easy-access attractions in Ashoka Pillar,personal,city,no_graph,1.0,0.02252252252252252,0.06756756756756757,0.06756756756756757,1.0,1.0,1.0,1.0,0.6,0.9,0.24,1.0,0.8,0.0,0.6255605858301573,0.0668400954491179,0.042539119720458984,0
89,I want nature and photography spots in Ashoka Pillar,personal,city,no_graph,0.8,0.01834862385321101,0.03669724770642202,0.03669724770642202,0.8687949224876582,1.0,0.8,1.0,0.8,0.5,0.25999999999999995,1.0,0.5333333333333333,0.2,0.5907674813097902,0.011153769546622474,0.03936910629272461,5
90,I need family-friendly places in Calico Textile Museum,personal,city,no_graph,0.8,0.03278688524590164,0.08196721311475409,0.08196721311475409,0.8539316501572937,1.0,0.76,1.0,0.8,0.8,0.25999999999999995,1.0,0.6,0.2,0.5553596834558195,0.02284729376289799,0.039407968521118164,3
91,Suggest a budget trip for me in Calico Textile Museum,personal,city,no_graph,0.6,0.08108108108108109,0.08108108108108109,0.08108108108108109,0.5296347172140421,0.5,0.3833333333333333,1.0,0.6,0.7,0.4,0.0,0.52,0.4,0.4862004463963176,0.0734601304900728,0.03913593292236328,2
92,My parents need easy-access attractions in Calico Textile Museum,personal,city,no_graph,1.0,0.01773049645390071,0.05319148936170213,0.05319148936170213,1.0,1.0,1.0,1.0,0.8,0.8,0.27999999999999997,1.0,0.8,0.0,0.6411233037418189,0.08453908508614863,0.03950095176696777,0
93,I want nature and photography spots in Calico Textile Museum,personal,city,no_graph,0.8,0.01834862385321101,0.04128440366972477,0.04128440366972477,0.830419897363192,1.0,0.71,1.0,0.6,0.7,0.19999999999999998,1.0,0.6,0.2,0.5795144281503559,0.011217050401154663,0.042972564697265625,2
94,I need family-friendly places in Vintage and Classic Car Collection,personal,city,no_graph,1.0,0.040983606557377046,0.10655737704918032,0.10655737704918032,1.0,1.0,1.0,1.0,0.4,1.0,0.13999999999999999,1.0,0.6666666666666666,0.0,0.6097270980590461,0.0747566403529251,0.03870582580566406,2
95,Suggest a budget trip for me in Vintage and Classic Car Collection,personal,city,no_graph,1.0,0.012853470437017995,0.038560411311053984,0.038560411311053984,0.8584798246948965,1.0,1.0,1.0,0.4,0.6,0.22000000000000003,0.0,0.0,1.0,0.43486783193330425,0.06956054057439559,0.04176974296569824,5
96,My parents need easy-access attractions in Vintage and Classic Car Collection,personal,city,no_graph,1.0,0.02252252252252252,0.06306306306306306,0.06306306306306306,0.8869465982421281,1.0,1.0,1.0,0.4,1.0,0.15999999999999998,1.0,0.76,0.0,0.6456670845043885,0.08703797546559014,0.04233860969543457,0
97,I want nature and photography spots in Vintage and Classic Car Collection,personal,city,no_graph,1.0,0.022935779816513763,0.06880733944954129,0.06880733944954129,1.0,1.0,1.0,1.0,0.8,0.4,0.25999999999999995,1.0,0.6666666666666666,0.0,0.6194699544705561,0.05334668657562269,0.04128885269165039,0
98,I need family-friendly places in Kurukshetra Panorama and Science Centre,personal,city,no_graph,1.0,0.040983606557377046,0.05737704918032787,0.05737704918032787,1.0,1.0,1.0,1.0,0.6,0.9,0.18,1.0,0.6666666666666666,0.0,0.5301533959592327,0.08309147368147239,0.03572845458984375,8
99,Suggest a budget trip for me in Kurukshetra Panorama and Science Centre,personal,city,no_graph,0.6666666666666666,0.005141388174807198,0.03598971722365039,0.03598971722365039,0.4003365100914134,1.0,0.3333333333333333,1.0,1.0,1.3333333333333333,0.5,0.0,0.2222222222222222,1.0,0.3589595628415301,0.13720901447368988,0.040174245834350586,12
100,My parents need easy-access attractions in Kurukshetra Panorama and Science Centre,personal,city,no_graph,1.0,0.02252252252252252,0.06756756756756757,0.06756756756756757,1.0,1.0,1.0,1.0,0.6,0.7,0.21999999999999997,1.0,0.8,0.0,0.6406902353220347,0.07795618733265683,0.04380059242248535,0
101,I want nature and photography spots in Kurukshetra Panorama and Science Centre,personal,city,no_graph,0.8,0.01834862385321101,0.03211009174311927,0.03211009174311927,0.6608397947263839,0.5,0.5433333333333333,1.0,0.8,0.8,0.25999999999999995,1.0,0.5333333333333333,0.2,0.5258229784807865,0.04641919719283768,0.041533470153808594,7
102,I need family-friendly places in Chennai Railway Museum,personal,city,no_graph,0.8,0.03278688524590164,0.06557377049180328,0.06557377049180328,0.8539316501572937,1.0,0.76,1.0,0.8,0.9,0.24000000000000005,1.0,0.6,0.2,0.5229591090988526,0.02480067499154388,0.036132097244262695,4
103,Suggest a budget trip for me in Chennai Railway Museum,personal,city,no_graph,0.2,0.02702702702702703,0.05405405405405406,0.05405405405405406,0.21398626473452756,0.5,0.1,1.0,0.8,0.9,0.25999999999999995,0.0,0.44000000000000006,0.8,0.4273047150506962,0.09293881784239974,0.03694415092468262,5
104,My parents need easy-access attractions in Chennai Railway Museum,personal,city,no_graph,1.0,0.01773049645390071,0.05319148936170213,0.05319148936170213,1.0,1.0,1.0,1.0,0.8,0.7,0.23999999999999994,1.0,0.8,0.0,0.6439653077644221,0.08674698484638386,0.04044485092163086,0
105,I want nature and photography spots in Chennai Railway Museum,personal,city,no_graph,0.8,0.01834862385321101,0.04128440366972477,0.04128440366972477,0.8687949224876582,1.0,0.8,1.0,0.8,0.7,0.19999999999999998,1.0,0.6,0.2,0.5702578519778683,0.01370334965163226,0.042415618896484375,2
106,I need family-friendly places in Kirtistambh,personal,city,no_graph,1.0,0.040983606557377046,0.10655737704918032,0.10655737704918032,1.0,1.0,1.0,1.0,0.4,0.8,0.18,1.0,0.6666666666666666,0.0,0.5735279818103963,0.016713405170231243,0.03496551513671875,0
107,Suggest a budget trip for me in Kirtistambh,personal,city,no_graph,1.0,0.012853470437017995,0.038560411311053984,0.038560411311053984,0.7443470244556297,1.0,1.0,1.0,1.0,0.8,0.32,0.0,0.06666666666666667,1.0,0.3629816488688164,0.09796399995595848,0.03947567939758301,10
108,My parents need easy-access attractions in Kirtistambh,personal,city,no_graph,0.8,0.018018018018018018,0.05855855855855856,0.05855855855855856,0.8687949224876583,1.0,0.8,1.0,0.6,1.0,0.2,1.0,0.68,0.2,0.6924840418325993,0.10780716309106333,0.03973793983459473,0
109,I want nature and photography spots in Kirtistambh,personal,city,no_graph,1.0,0.022935779816513763,0.06880733944954129,0.06880733944954129,1.0,1.0,1.0,1.0,0.4,0.6,0.25999999999999995,1.0,0.6666666666666666,0.0,0.6074046281966567,0.046673093087055535,0.0385584831237793,0
110,I need family-friendly places in Gohilwad Timbo,personal,city,no_graph,1.0,0.040983606557377046,0.09836065573770492,0.09836065573770492,1.0,1.0,1.0,1.0,0.4,1.0,0.18,1.0,0.6666666666666666,0.0,0.5893083610059046,0.009642820490221693,0.03624868392944336,0
111,Suggest a budget trip for me in Gohilwad Timbo,personal,city,no_graph,1.0,0.012853470437017995,0.03598971722365039,0.03598971722365039,0.7511235612351126,1.0,1.0,1.0,0.8,0.6,0.3,0.0,0.0,1.0,0.3683110013625576,0.09069526327238242,0.040129661560058594,7
112,My parents need easy-access attractions in Gohilwad Timbo,personal,city,no_graph,1.0,0.02252252252252252,0.05855855855855856,0.05855855855855856,0.9562649741625527,1.0,1.0,1.0,0.4,0.8,0.15999999999999998,1.0,0.72,0.2,0.7078504484092956,0.10833062759469832,0.041357994079589844,0
113,I want nature and photography spots in Gohilwad Timbo,personal,city,no_graph,1.0,0.022935779816513763,0.06422018348623854,0.06422018348623854,1.0,1.0,1.0,1.0,0.6,0.6,0.26,1.0,0.6666666666666666,0.0,0.6058073642852694,0.04785337704490088,0.03768491744995117,1
114,I need family-friendly places in Borsad Stepwell,personal,city,no_graph,0.8,0.03278688524590164,0.08196721311475409,0.08196721311475409,0.6608397947263839,0.5,0.5433333333333333,1.0,0.6,1.0,0.13999999999999999,1.0,0.5333333333333333,0.2,0.5116679368330501,0.013808730176751938,0.03667926788330078,4
115,Suggest a budget trip for me in Borsad Stepwell,personal,city,no_graph,1.0,0.010282776349614395,0.038560411311053984,0.038560411311053984,0.5377673059028953,1.0,0.8,1.0,0.75,1.0,0.45,0.0,0.25,1.0,0.3507449941374425,0.146925634570913,0.03924822807312012,11
116,My parents need easy-access attractions in Borsad Stepwell,personal,city,no_graph,0.8,0.018018018018018018,0.06306306306306306,0.06306306306306306,0.8539316501572936,1.0,0.76,1.0,0.8,0.9,0.19999999999999998,1.0,0.68,0.2,0.5966852231473286,0.010742522642214434,0.041870832443237305,0
117,I want nature and photography spots in Borsad Stepwell,personal,city,no_graph,0.8,0.01834862385321101,0.03669724770642202,0.03669724770642202,0.8687949224876582,1.0,0.8,1.0,0.8,0.6,0.26,1.0,0.5333333333333333,0.2,0.5676497130896798,0.02310952294350894,0.03863358497619629,6
118,I need family-friendly places in Talaja Caves,personal,city,no_graph,0.6,0.02459016393442623,0.06557377049180328,0.06557377049180328,0.5147714448836774,0.5,0.35333333333333333,1.0,0.4,0.7,0.22000000000000003,1.0,0.4,0.4,0.5494071972936645,0.03370273997614172,0.03619790077209473,3
119,Suggest a budget trip for me in Talaja Caves,personal,city,no_graph,0.8,0.010282776349614395,0.03598971722365039,0.03598971722365039,0.6735869368030779,1.0,0.8,1.0,0.6,0.7,0.4,0.0,0.06666666666666667,1.0,0.4542236226849134,0.10562596929604856,0.03944110870361328,10
120,My parents need easy-access attractions in Talaja Caves,personal,city,no_graph,0.6,0.013513513513513514,0.05855855855855856,0.05855855855855856,0.5834186845438301,1.0,0.4533333333333333,1.0,0.8,0.6,0.31999999999999995,1.0,0.4800000000000001,0.6,0.5927853312715006,0.005905619985360136,0.041182756423950195,0
121,I want nature and photography spots in Talaja Caves,personal,city,no_graph,1.0,0.022935779816513763,0.05504587155963303,0.05504587155963303,1.0,1.0,1.0,1.0,1.0,0.5,0.3,1.0,0.6666666666666666,0.0,0.6118955657357905,0.033283896226506925,0.0398867130279541,2
122,I need family-friendly places in Amritavarshini Vav,personal,city,no_graph,0.8,0.03278688524590164,0.09016393442622951,0.09016393442622951,0.6608397947263839,0.5,0.5433333333333333,1.0,0.6,0.7,0.22000000000000003,1.0,0.5333333333333333,0.2,0.535329420185805,0.03462745459409563,0.03583502769470215,3
123,Suggest a budget trip for me in Amritavarshini Vav,personal,city,no_graph,1.0,0.010282776349614395,0.038560411311053984,0.038560411311053984,0.5835928962196123,1.0,0.8,1.0,1.0,1.0,0.4,0.0,0.16666666666666666,1.0,0.3467196721311475,0.12171301779991256,0.03876948356628418,11
124,My parents need easy-access attractions in Amritavarshini Vav,personal,city,no_graph,0.8,0.018018018018018018,0.06306306306306306,0.06306306306306306,0.830419897363192,1.0,0.71,1.0,0.8,0.7,0.26,1.0,0.68,0.2,0.5934204298879322,0.011547924531430848,0.0433042049407959,0
125,I want nature and photography spots in Amritavarshini Vav,personal,city,no_graph,1.0,0.022935779816513763,0.04128440366972477,0.04128440366972477,1.0,1.0,1.0,1.0,0.8,0.6,0.25999999999999995,1.0,0.6666666666666666,0.0,0.569435667460201,0.006188299400982783,0.038520097732543945,5
126,I need family-friendly places in Bhuchar Mori,personal,city,no_graph,1.0,0.040983606557377046,0.09836065573770492,0.09836065573770492,1.0,1.0,1.0,1.0,0.4,0.7,0.22000000000000003,1.0,0.6666666666666666,0.0,0.5777577096682223,0.01483829306426334,0.035897016525268555,1
127,Suggest a budget trip for me in Bhuchar Mori,personal,city,no_graph,0.6666666666666666,0.005141388174807198,0.03598971722365039,0.03598971722365039,0.4872328561228405,1.0,0.4,1.0,1.0,1.0,0.4000000000000001,0.0,0.1111111111111111,1.0,0.3718646941651415,0.12723394850030265,0.0383143424987793,12
128,My parents need easy-access attractions in Bhuchar Mori,personal,city,no_graph,0.8,0.018018018018018018,0.05405405405405406,0.05405405405405406,0.8687949224876583,1.0,0.8,1.0,0.6,0.9,0.18,1.0,0.68,0.2,0.6950513722377021,0.10948044205249502,0.0408778190612793,0
129,I want nature and photography spots in Bhuchar Mori,personal,city,no_graph,1.0,0.022935779816513763,0.06422018348623854,0.06422018348623854,1.0,1.0,1.0,1.0,0.6,0.6,0.24,1.0,0.6666666666666666,0.0,0.6004859166481242,0.05212822426018021,0.038146257400512695,1
130,"I need family-friendly places in Shiva temple, Kera",personal,city,no_graph,0.8,0.029411764705882353,0.09558823529411764,0.09558823529411764,0.7840048711692542,1.0,0.8,1.0,0.6,0.7,0.33999999999999997,1.0,0.7333333333333333,0.2,0.591160017428781,0.01784633177792642,0.03723859786987305,0
131,"Suggest a budget trip for me in Shiva temple, Kera",personal,city,no_graph,0.6,0.14285714285714285,0.14285714285714285,0.14285714285714285,0.7227265726449519,1.0,0.6,1.0,0.4,0.8,0.32,0.0,0.44000000000000006,0.4,0.5254943643969721,0.05414992083158255,0.03864455223083496,5
132,"My parents need easy-access attractions in Shiva temple, Kera",personal,city,no_graph,1.0,0.019083969465648856,0.05343511450381679,0.05343511450381679,1.0,1.0,1.0,1.0,0.2,0.7,0.30000000000000004,1.0,0.8800000000000001,0.0,0.6761764290301396,0.0457973913069023,0.038049936294555664,0
133,"I want nature and photography spots in Shiva temple, Kera",personal,city,no_graph,1.0,0.021739130434782608,0.06086956521739131,0.06086956521739131,0.5,1.0,1.0,1.0,0.6,0.7,0.31999999999999995,1.0,0.6666666666666666,0.0,0.580698227339602,0.008970148658260535,0.042110443115234375,0
134,I need family-friendly places in Sahastralinga Tank,personal,city,no_graph,0.8,0.03278688524590164,0.09016393442622951,0.09016393442622951,0.8687949224876582,1.0,0.8,1.0,0.6,0.7,0.3,1.0,0.5333333333333333,0.2,0.5783594043475578,0.011868138939265437,0.037082672119140625,1
135,Suggest a budget trip for me in Sahastralinga Tank,personal,city,no_graph,1.0,0.012853470437017995,0.038560411311053984,0.038560411311053984,0.6778459289342932,1.0,1.0,1.0,0.6,0.8,0.36,0.0,0.06666666666666667,1.0,0.4375080283056496,0.12485592689360908,0.04093432426452637,9
136,My parents need easy-access attractions in Sahastralinga Tank,personal,city,no_graph,1.0,0.02252252252252252,0.05855855855855856,0.05855855855855856,1.0,1.0,1.0,1.0,0.8,1.0,0.18,1.0,0.8,0.0,0.6405636210139185,0.07309461870841386,0.041933536529541016,0
137,I want nature and photography spots in Sahastralinga Tank,personal,city,no_graph,1.0,0.022935779816513763,0.06880733944954129,0.06880733944954129,1.0,1.0,1.0,1.0,0.4,0.6,0.24,1.0,0.6666666666666666,0.0,0.6094402311638993,0.03805786126338464,0.039064645767211914,0
138,I need family-friendly places in Kadia Dungar caves,personal,city,no_graph,0.6,0.02459016393442623,0.06557377049180328,0.06557377049180328,0.4912596920895758,0.5,0.32,1.0,0.4,0.7,0.22000000000000003,1.0,0.4,0.4,0.5552807287859048,0.02291350851508728,0.03790426254272461,1
139,Suggest a budget trip for me in Kadia Dungar caves,personal,city,no_graph,0.8,0.010282776349614395,0.03598971722365039,0.03598971722365039,0.6735869368030779,1.0,0.8,1.0,0.6,0.7,0.4,0.0,0.06666666666666667,1.0,0.46605197281393523,0.10940953337780655,0.04110264778137207,10
140,My parents need easy-access attractions in Kadia Dungar caves,personal,city,no_graph,1.0,0.02252252252252252,0.05855855855855856,0.05855855855855856,0.9513105500524313,1.0,1.0,1.0,0.6,0.8,0.24,1.0,0.72,0.2,0.5790350344707436,0.013612397708079831,0.04193997383117676,0
141,I want nature and photography spots in Kadia Dungar caves,personal,city,no_graph,1.0,0.022935779816513763,0.05045871559633028,0.05045871559633028,1.0,1.0,1.0,1.0,0.8,0.5,0.28,1.0,0.6666666666666666,0.0,0.6024537109451166,0.03751744979961511,0.03953266143798828,3
142,I need family-friendly places in Brahma Kund,personal,city,no_graph,0.8,0.03278688524590164,0.08196721311475409,0.08196721311475409,0.6608397947263839,0.5,0.5433333333333333,1.0,0.4,0.7,0.24000000000000005,1.0,0.5333333333333333,0.2,0.5914248232816182,0.010553211338224996,0.03739309310913086,2
143,Suggest a budget trip for me in Brahma Kund,personal,city,no_graph,1.0,0.012853470437017995,0.038560411311053984,0.038560411311053984,0.6975757243359987,1.0,1.0,1.0,0.6,0.7,0.36,0.0,0.06666666666666667,1.0,0.4730970625196269,0.10119560962642522,0.040291547775268555,9
144,My parents need easy-access attractions in Brahma Kund,personal,city,no_graph,1.0,0.02252252252252252,0.05855855855855856,0.05855855855855856,1.0,1.0,1.0,1.0,0.4,0.9,0.18,1.0,0.8,0.0,0.5958386882194665,0.011446788339865807,0.042060136795043945,0
145,I want nature and photography spots in Brahma Kund,personal,city,no_graph,1.0,0.022935779816513763,0.06422018348623854,0.06422018348623854,1.0,1.0,1.0,1.0,0.6,0.5,0.22000000000000003,1.0,0.6666666666666666,0.0,0.6113490120893014,0.04193445480354562,0.038590431213378906,0
146,I need family-friendly places in Jethabhai's Stepwell,personal,city,no_graph,0.8,0.03278688524590164,0.09836065573770492,0.09836065573770492,0.6608397947263839,0.5,0.5433333333333333,1.0,0.6,0.9,0.13999999999999999,1.0,0.5333333333333333,0.2,0.5162850617488346,0.017326365355925365,0.03667807579040527,2
147,Suggest a budget trip for me in Jethabhai's Stepwell,personal,city,no_graph,1.0,0.010282776349614395,0.038560411311053984,0.038560411311053984,0.5377673059028953,1.0,0.8,1.0,0.75,1.0,0.45,0.0,0.25,1.0,0.3474304301462625,0.14119045598558003,0.04288530349731445,11
148,My parents need easy-access attractions in Jethabhai's Stepwell,personal,city,no_graph,0.8,0.018018018018018018,0.06306306306306306,0.06306306306306306,0.830419897363192,1.0,0.71,1.0,0.8,0.9,0.19999999999999998,1.0,0.68,0.2,0.5882619520350831,0.011856161991530532,0.044454097747802734,0
149,I want nature and photography spots in Jethabhai's Stepwell,personal,city,no_graph,1.0,0.022935779816513763,0.045871559633027525,0.045871559633027525,1.0,1.0,1.0,1.0,0.8,0.4,0.24000000000000005,1.0,0.6666666666666666,0.0,0.585809205056956,0.013567422420682646,0.04231834411621094,3
150,"I need family-friendly places in Rajgadhi Timbo, Umta",personal,city,no_graph,1.0,0.040983606557377046,0.09836065573770492,0.09836065573770492,1.0,1.0,1.0,1.0,1.0,0.7,0.26,1.0,0.6666666666666666,0.0,0.5748258895489395,0.01610188449621584,0.03587198257446289,0
151,"Suggest a budget trip for me in Rajgadhi Timbo, Umta",personal,city,no_graph,0.8,0.010282776349614395,0.03598971722365039,0.03598971722365039,0.6397885603386422,1.0,0.8,1.0,0.8,0.9,0.44000000000000006,0.0,0.2,1.0,0.3352085284160636,0.1100643283122558,0.040610313415527344,9
152,"My parents need easy-access attractions in Rajgadhi Timbo, Umta",personal,city,no_graph,1.0,0.02252252252252252,0.05855855855855856,0.05855855855855856,1.0,1.0,1.0,1.0,0.4,0.9,0.15999999999999998,1.0,0.8,0.0,0.6883945511182128,0.1126278009320657,0.04039645195007324,0
153,"I want nature and photography spots in Rajgadhi Timbo, Umta",personal,city,no_graph,1.0,0.022935779816513763,0.06422018348623854,0.06422018348623854,1.0,1.0,1.0,1.0,0.8,0.6,0.26,1.0,0.6666666666666666,0.0,0.5997513871489628,0.04688964488342179,0.03848695755004883,1
154,I need family-friendly places in Mithivav,personal,city,no_graph,1.0,0.040983606557377046,0.10655737704918032,0.10655737704918032,1.0,1.0,1.0,1.0,0.6,1.0,0.24000000000000005,1.0,0.6666666666666666,0.0,0.5874839188214541,0.007267716056078431,0.037672996520996094,0
155,Suggest a budget trip for me in Mithivav,personal,city,no_graph,0.75,0.007712082262210797,0.03598971722365039,0.03598971722365039,0.58611044086788,1.0,0.6,1.0,0.75,1.0,0.4,0.0,0.08333333333333333,1.0,0.358962314608326,0.11248886538249386,0.04092884063720703,11
156,My parents need easy-access attractions in Mithivav,personal,city,no_graph,1.0,0.02252252252252252,0.05855855855855856,0.05855855855855856,1.0,1.0,1.0,1.0,0.6,0.9,0.18,1.0,0.8,0.0,0.7035452598818319,0.11054924732899749,0.03999519348144531,0
157,I want nature and photography spots in Mithivav,personal,city,no_graph,1.0,0.022935779816513763,0.06880733944954129,0.06880733944954129,1.0,1.0,1.0,1.0,0.6,0.6,0.25999999999999995,1.0,0.6666666666666666,0.0,0.6090407125279036,0.05072060189590816,0.03777003288269043,0
158,"I need family-friendly places in Shiva Temple, Bavka",personal,city,no_graph,1.0,0.040983606557377046,0.07377049180327869,0.07377049180327869,1.0,1.0,1.0,1.0,0.6,0.8,0.26,1.0,0.6666666666666666,0.0,0.5469225641498777,0.01158783166719059,0.039435625076293945,3
159,"Suggest a budget trip for me in Shiva Temple, Bavka",personal,city,no_graph,0.0,0.0,0.05555555555555555,0.05555555555555555,0.0,0.0,0.0,0.0,0.8,0.8,0.3,0.0,0.32,1.0,0.4134662858763932,0.05262633247968636,0.038069725036621094,5
160,"My parents need easy-access attractions in Shiva Temple, Bavka",personal,city,no_graph,1.0,0.01968503937007874,0.05511811023622047,0.05511811023622047,0.9434732991210639,1.0,1.0,1.0,0.4,0.8,0.28,1.0,0.76,0.0,0.609490690070682,0.017607587530329934,0.03927040100097656,0
161,"I want nature and photography spots in Shiva Temple, Bavka",personal,city,no_graph,1.0,0.022935779816513763,0.05504587155963303,0.05504587155963303,1.0,1.0,1.0,1.0,0.8,0.4,0.21999999999999997,1.0,0.6666666666666666,0.0,0.5763398183237072,0.01043002734555173,0.04361891746520996,0
162,I need family-friendly places in Jahaz Mahal,personal,city,no_graph,0.8,0.03278688524590164,0.07377049180327869,0.07377049180327869,0.8539316501572937,1.0,0.76,1.0,0.6,0.8,0.13999999999999996,1.0,0.5333333333333333,0.2,0.5356393419200073,0.027813586281907228,0.036185503005981445,5
163,Suggest a budget trip for me in Jahaz Mahal,personal,city,no_graph,1.0,0.010282776349614395,0.038560411311053984,0.038560411311053984,0.6657344076490328,1.0,0.8,1.0,0.75,0.875,0.32499999999999996,0.0,0.16666666666666666,1.0,0.3576827482349449,0.10816306365236027,0.04027819633483887,11
164,My parents need easy-access attractions in Jahaz Mahal,personal,city,no_graph,1.0,0.02252252252252252,0.06306306306306306,0.06306306306306306,1.0,1.0,1.0,1.0,0.6,1.0,0.19999999999999998,1.0,0.8,0.0,0.5827488808705683,0.010266980765553541,0.042624473571777344,0
165,I want nature and photography spots in Jahaz Mahal,personal,city,no_graph,0.8,0.01834862385321101,0.045871559633027525,0.045871559633027525,0.8539316501572937,1.0,0.76,1.0,0.6,0.5,0.3,1.0,0.5333333333333333,0.2,0.5869082015331969,0.006973571772276927,0.03964042663574219,3
166,I need family-friendly places in Bapu Museum,personal,city,no_graph,0.8,0.03278688524590164,0.07377049180327869,0.07377049180327869,0.8687949224876582,1.0,0.8,1.0,0.8,0.7,0.34,1.0,0.6,0.2,0.5844149393937095,0.044234986084427726,0.03629732131958008,0
167,Suggest a budget trip for me in Bapu Museum,personal,city,no_graph,0.6,0.08108108108108109,0.16216216216216217,0.16216216216216217,0.6843515475204855,1.0,0.52,1.0,0.6,0.8,0.42000000000000004,0.0,0.52,0.4,0.5940888143854844,0.026526106481957263,0.03995203971862793,2
168,My parents need easy-access attractions in Bapu Museum,personal,city,no_graph,1.0,0.01773049645390071,0.05319148936170213,0.05319148936170213,1.0,1.0,1.0,1.0,0.6,1.0,0.26,1.0,0.8,0.0,0.6469425770901719,0.09867386637594705,0.03824949264526367,0
169,I want nature and photography spots in Bapu Museum,personal,city,no_graph,1.0,0.022935779816513763,0.045871559633027525,0.045871559633027525,1.0,1.0,1.0,1.0,0.8,0.5,0.24,1.0,0.6666666666666666,0.0,0.5993132829861556,0.054694820323145,0.04166412353515625,0
170,I need family-friendly places in Jorasanko Thakur Bari,personal,city,no_graph,1.0,0.040983606557377046,0.10655737704918032,0.10655737704918032,1.0,1.0,1.0,1.0,0.6,1.0,0.2,1.0,0.6666666666666666,0.0,0.5924001869682315,0.028992928304962133,0.0361325740814209,0
171,Suggest a budget trip for me in Jorasanko Thakur Bari,personal,city,no_graph,1.0,0.012853470437017995,0.03598971722365039,0.03598971722365039,0.7932703093243851,1.0,1.0,1.0,0.8,0.9,0.24000000000000005,0.0,0.0,1.0,0.4364253953468399,0.10473551896222247,0.04333090782165527,5
172,My parents need easy-access attractions in Jorasanko Thakur Bari,personal,city,no_graph,1.0,0.02252252252252252,0.05855855855855856,0.05855855855855856,0.9513105500524313,1.0,1.0,1.0,0.4,1.1,0.18,1.0,0.76,0.0,0.6967250281509024,0.07472199003366184,0.042433977127075195,0
173,I want nature and photography spots in Jorasanko Thakur Bari,personal,city,no_graph,1.0,0.022935779816513763,0.06422018348623854,0.06422018348623854,1.0,1.0,1.0,1.0,0.4,0.6,0.3,1.0,0.6666666666666666,0.0,0.5971335353285617,0.055331966625850354,0.039644479751586914,0
174,I need family-friendly places in Chaunsath Yogini temple,personal,city,no_graph,1.0,0.040983606557377046,0.07377049180327869,0.07377049180327869,1.0,1.0,1.0,1.0,0.6,0.8,0.32,1.0,0.6666666666666666,0.0,0.5861481568877652,0.010839102251983364,0.03925752639770508,0
175,Suggest a budget trip for me in Chaunsath Yogini temple,personal,city,no_graph,0.2,0.05555555555555555,0.16666666666666666,0.16666666666666666,0.13120507751234178,0.2,0.04,1.0,0.6,0.6,0.33999999999999997,0.0,0.44000000000000006,0.8,0.5672757221005961,0.004556580358424332,0.037570953369140625,0
176,My parents need easy-access attractions in Chaunsath Yogini temple,personal,city,no_graph,1.0,0.01968503937007874,0.05905511811023622,0.05905511811023622,0.907575524214984,1.0,1.0,1.0,0.6,0.5,0.33999999999999997,1.0,0.72,0.0,0.6735357017325734,0.031240956758438423,0.03710031509399414,0
177,I want nature and photography spots in Chaunsath Yogini temple,personal,city,no_graph,1.0,0.022935779816513763,0.05963302752293578,0.05963302752293578,1.0,1.0,1.0,1.0,0.6,0.6,0.26000000000000006,1.0,0.6666666666666666,0.0,0.5876789353876168,0.014410666281949225,0.04087114334106445,0
178,"I need family-friendly places in National Fossil Wood Park, Tiruvakkarai",personal,city,no_graph,0.6,0.02459016393442623,0.07377049180327869,0.07377049180327869,0.6548086577531307,1.0,0.4833333333333333,1.0,0.8,0.7,0.3,1.0,0.4,0.4,0.578772839251779,0.018512254332906826,0.05338406562805176,0
179,"Suggest a budget trip for me in National Fossil Wood Park, Tiruvakkarai",personal,city,no_graph,1.0,0.012853470437017995,0.038560411311053984,0.038560411311053984,0.7973793538509794,1.0,1.0,1.0,0.8,0.3,0.22000000000000003,0.0,0.0,1.0,0.5693049926502478,0.025411641511200917,0.03946065902709961,6
180,"My parents need easy-access attractions in National Fossil Wood Park, Tiruvakkarai",personal,city,no_graph,0.6,0.013513513513513514,0.04054054054054054,0.04054054054054054,0.6992148198508502,1.0,0.55,1.0,1.0,0.9,0.21999999999999997,1.0,0.56,0.4,0.600201767900106,0.004392283843187909,0.04065704345703125,0
181,"I want nature and photography spots in National Fossil Wood Park, Tiruvakkarai",personal,city,no_graph,1.0,0.022935779816513763,0.06422018348623854,0.06422018348623854,1.0,1.0,1.0,1.0,0.6,0.5,0.22000000000000003,1.0,0.6666666666666666,0.0,0.5767188047417816,0.026708739797942874,0.03946948051452637,1
182,I need family-friendly places in Undavalli Caves,personal,city,no_graph,0.8,0.03278688524590164,0.06557377049180328,0.06557377049180328,0.6608397947263839,0.5,0.5433333333333333,1.0,0.6,0.9,0.18,1.0,0.5333333333333333,0.2,0.509483867218864,0.014128271059186175,0.03724217414855957,5
183,Suggest a budget trip for me in Undavalli Caves,personal,city,no_graph,1.0,0.010282776349614395,0.038560411311053984,0.038560411311053984,0.5992333121276963,1.0,0.8,1.0,0.5,0.875,0.35,0.0,0.0,1.0,0.4637701732890296,0.10740284202378016,0.038771867752075195,11
184,My parents need easy-access attractions in Undavalli Caves,personal,city,no_graph,1.0,0.02252252252252252,0.06306306306306306,0.06306306306306306,0.9513105500524313,1.0,1.0,1.0,0.8,1.1,0.23999999999999994,1.0,0.72,0.2,0.5896542952850516,0.014682650832002833,0.04318356513977051,0
185,I want nature and photography spots in Undavalli Caves,personal,city,no_graph,0.8,0.01834862385321101,0.05045871559633028,0.05045871559633028,0.8687949224876582,1.0,0.8,1.0,1.0,0.7,0.24,1.0,0.5333333333333333,0.2,0.5804645900455445,0.008716751682601174,0.04090738296508789,2
186,I need family-friendly places in Nariman Point,personal,city,no_graph,1.0,0.040983606557377046,0.08196721311475409,0.08196721311475409,1.0,1.0,1.0,1.0,0.6,0.7,0.26000000000000006,1.0,0.6666666666666666,0.0,0.5793132151255715,0.020987439200366213,0.03620600700378418,0
187,Suggest a budget trip for me in Nariman Point,personal,city,no_graph,1.0,0.012853470437017995,0.038560411311053984,0.038560411311053984,0.651319931720132,1.0,1.0,1.0,0.8,0.5,0.4,0.0,0.06666666666666667,1.0,0.5686523651165739,0.029739336706292252,0.04485154151916504,6
188,My parents need easy-access attractions in Nariman Point,personal,city,no_graph,1.0,0.02252252252252252,0.04054054054054054,0.04054054054054054,0.928671245088491,1.0,1.0,1.0,0.6,0.9,0.22000000000000003,1.0,0.76,0.0,0.6859308371243714,0.07315542602333042,0.04081368446350098,0
189,I want nature and photography spots in Nariman Point,personal,city,no_graph,1.0,0.022935779816513763,0.05963302752293578,0.05963302752293578,1.0,1.0,1.0,1.0,0.6,0.6,0.26000000000000006,1.0,0.6666666666666666,0.0,0.6174422423731951,0.043403458649657105,0.04042363166809082,2
190,I need family-friendly places in Ambedkar Memorial,personal,city,no_graph,0.8,0.03278688524590164,0.07377049180327869,0.07377049180327869,0.6608397947263839,0.5,0.5433333333333333,1.0,0.6,0.8,0.3,1.0,0.5333333333333333,0.2,0.5546008784949437,0.02663252028245809,0.036348581314086914,3
191,Suggest a budget trip for me in Ambedkar Memorial,personal,city,no_graph,1.0,0.012853470437017995,0.038560411311053984,0.038560411311053984,0.7297826009221079,1.0,1.0,1.0,0.8,0.9,0.3,0.0,0.0,1.0,0.39767237500537544,0.08744661357476269,0.03923487663269043,9
192,My parents need easy-access attractions in Ambedkar Memorial,personal,city,no_graph,1.0,0.02252252252252252,0.06306306306306306,0.06306306306306306,1.0,1.0,1.0,1.0,0.6,0.8,0.19999999999999998,1.0,0.8,0.0,0.5862159180374826,0.008195492439811937,0.04103541374206543,0
193,I want nature and photography spots in Ambedkar Memorial,personal,city,no_graph,0.8,0.01834862385321101,0.045871559633027525,0.045871559633027525,0.8539316501572937,1.0,0.76,1.0,0.6,0.7,0.3,1.0,0.5333333333333333,0.2,0.5534176239252817,0.014914199392814144,0.04135727882385254,2
194,I need family-friendly places in Snake Park,personal,city,no_graph,0.8,0.03278688524590164,0.09016393442622951,0.09016393442622951,0.8539316501572937,1.0,0.76,1.0,0.6,0.6,0.36,1.0,0.5333333333333333,0.2,0.5584254933269815,0.007409486660263261,0.036910295486450195,0
195,Suggest a budget trip for me in Snake Park,personal,city,no_graph,1.0,0.012853470437017995,0.038560411311053984,0.038560411311053984,0.7973793538509794,1.0,1.0,1.0,0.8,0.5,0.22000000000000003,0.0,0.0,1.0,0.4792188915949905,0.07787181317322697,0.038582563400268555,7
196,My parents need easy-access attractions in Snake Park,personal,city,no_graph,0.8,0.018018018018018018,0.04504504504504504,0.04504504504504504,0.7373242853179036,1.0,0.6433333333333333,1.0,0.6,0.9,0.23999999999999994,1.0,0.64,0.2,0.6349866006554281,0.08296845576313183,0.039847612380981445,0
197,I want nature and photography spots in Snake Park,personal,city,no_graph,1.0,0.022935779816513763,0.06880733944954129,0.06880733944954129,1.0,1.0,1.0,1.0,0.6,0.4,0.24,1.0,0.6666666666666666,0.0,0.5960590609295771,0.0133872933294184,0.043847084045410156,0
198,I need family-friendly places in Arjuna's Penance,personal,city,no_graph,1.0,0.04032258064516129,0.10483870967741936,0.10483870967741936,1.0,1.0,1.0,1.0,0.6,0.8,0.26,1.0,0.6,0.2,0.611135655704907,0.041468974031141095,0.03776121139526367,0
199,Suggest a budget trip for me in Arjuna's Penance,personal,city,no_graph,0.8,0.010282776349614395,0.03598971722365039,0.03598971722365039,0.6531916862929872,1.0,0.8,1.0,0.8,0.8,0.42000000000000004,0.0,0.26666666666666666,1.0,0.4595200177484006,0.1776979308471395,0.04128122329711914,10
200,My parents need easy-access attractions in Arjuna's Penance,personal,city,no_graph,1.0,0.02242152466367713,0.05829596412556054,0.05829596412556054,0.9562649741625527,1.0,1.0,1.0,0.6,1.0,0.24000000000000005,1.0,0.68,0.2,0.7078067888004218,0.06794878935755978,0.04246211051940918,0
1,Best adventure places in India,generic,broad,no_refinement,1.0,0.1,0.3,0.3,1.0,1.0,1.0,1.0,0.6,0.9,0.09999999999999998,1.0,1.0,0.0,0.5803816191846886,0.024319199793948004,0.03676152229309082,0
2,Best beach places in India,generic,broad,no_refinement,1.0,0.1,0.28,0.28,1.0,1.0,1.0,1.0,0.8,0.8,0.26,1.0,1.0,0.0,0.6389661610716072,0.042102972031166155,0.02687382698059082,0
3,Best cultural places in India,generic,broad,no_refinement,1.0,0.1,0.28,0.28,1.0,1.0,1.0,1.0,0.4,0.8,0.09999999999999998,1.0,1.0,0.0,0.5713551685654525,0.02417530684720337,0.0348660945892334,0
4,Best family places in India,generic,broad,no_refinement,1.0,0.1,0.3,0.3,1.0,1.0,1.0,1.0,0.6,0.9,0.09999999999999998,1.0,1.0,0.0,0.5737433374025668,0.041790420620295574,0.034921884536743164,0
5,Best food places in India,generic,broad,no_refinement,1.0,0.1,0.3,0.3,1.0,1.0,1.0,1.0,0.8,0.9,0.18,0.0,0.6666666666666666,0.0,0.5512782577155698,0.05477707098663329,0.033098697662353516,0
6,Best nature places in India,generic,broad,no_refinement,1.0,0.1,0.28,0.28,1.0,1.0,1.0,1.0,0.6,0.7,0.07999999999999999,1.0,1.0,0.0,0.5139689199487395,0.12352851353272137,0.037725210189819336,0
7,Best photography places in India,generic,broad,no_refinement,1.0,0.21739130434782608,0.6521739130434783,0.6521739130434783,1.0,1.0,1.0,1.0,0.8,0.7,0.24,1.0,1.0,0.0,0.6230435091644833,0.07132768588295624,0.03306722640991211,0
8,Best spiritual places in India,generic,broad,no_refinement,1.0,0.1,0.3,0.3,1.0,1.0,1.0,1.0,0.8,0.7,0.13999999999999996,1.0,1.0,0.0,0.5275440282243304,0.04103219498202771,0.032526493072509766,0
9,Best wellness places in India,generic,broad,no_refinement,0.6,1.0,1.0,1.0,1.0,1.0,1.0,1.0,0.6,0.7,0.28,1.0,0.6,0.4,0.5136069230498201,0.2733461198768145,0.030054569244384766,0
10,Best wildlife places in India,generic,broad,no_refinement,1.0,0.1,0.3,0.3,1.0,1.0,1.0,1.0,0.6,0.7,0.11999999999999997,1.0,1.0,0.0,0.5763330964121174,0.12119366111821099,0.03236532211303711,0
11,Top attractions in North,generic,city,no_refinement,1.0,0.4166666666666667,1.0,1.0,1.0,1.0,1.0,1.0,0.6,0.9,0.25999999999999995,1.0,1.0,0.0,0.8241775791492338,0.09170244907435064,0.03518176078796387,0
12,Top attractions in South,generic,city,no_refinement,1.0,0.45454545454545453,1.0,1.0,1.0,1.0,1.0,1.0,0.8,1.0,0.28,1.0,1.0,0.0,0.8255898275010655,0.013553245238178992,0.03708791732788086,0
13,Top attractions in West,generic,city,no_refinement,1.0,0.22727272727272727,0.6818181818181818,0.6818181818181818,1.0,1.0,1.0,1.0,0.4,0.9,0.26000000000000006,1.0,1.0,0.0,0.7787867642615848,0.019557701110847873,0.03603792190551758,0
14,Top attractions in East/Northeast,generic,city,no_refinement,1.0,0.08333333333333333,0.25,0.25,0.8947838491734952,1.0,1.0,1.0,0.6,1.0,0.32,1.0,0.8666666666666666,0.0,0.7973601343483974,0.16779642135697356,0.0362398624420166,0
15,Top attractions in Central,generic,city,no_refinement,0.8,1.0,1.0,1.0,1.0,1.0,1.0,1.0,0.4,0.9,0.3,1.0,0.9,0.0,0.7140452753008135,0.1887150668994514,0.0364377498626709,0
16,Best beach destinations in India,generic,broad,no_refinement,1.0,0.1,0.28,0.28,1.0,1.0,1.0,1.0,0.6,0.8,0.2,1.0,1.0,0.0,0.792403068724661,0.04647023667023184,0.028261184692382812,0
17,Top heritage and historical places in India,generic,broad,no_refinement,1.0,0.1,0.26,0.26,1.0,1.0,1.0,1.0,0.6,1.0,0.09999999999999998,1.0,1.0,0.0,0.6889140376266478,0.054730086009084064,0.038366079330444336,0
18,Best hill stations in India,generic,broad,no_refinement,0.8,0.08,0.24,0.24,0.8592362568272441,1.0,0.76,1.0,0.6,1.1,0.09999999999999998,1.0,0.0,0.0,0.48457677634846713,0.09387993960082176,0.03542613983154297,0
19,Top spiritual destinations in India,generic,broad,no_refinement,1.0,0.1,0.3,0.3,1.0,1.0,1.0,1.0,0.6,0.8,0.13999999999999996,1.0,1.0,0.0,0.6640706639979651,0.039182478352930546,0.03442573547363281,0
20,Best wildlife and nature destinations in India,generic,broad,no_refinement,1.0,0.1,0.28,0.28,1.0,1.0,1.0,1.0,0.6,0.6,0.11999999999999997,1.0,1.0,0.0,0.7411971767447317,0.13595776775159357,0.037024736404418945,0
21,Top museums and monuments in India,generic,broad,no_refinement,0.8,0.08,0.24,0.24,0.7715178384918276,1.0,0.6433333333333333,1.0,0.6,1.0,0.15999999999999998,1.0,0.0,0.0,0.42470357457210295,0.03253244549544911,0.035717010498046875,0
22,Best places to visit in Hawa Mahal,generic,city,no_refinement,1.0,0.012853470437017995,0.038560411311053984,0.038560411311053984,0.986596874045655,1.0,1.0,1.0,0.6,0.8,0.07999999999999999,1.0,0.5,0.0,0.41381036780734026,0.10483731550548385,0.03952193260192871,0
23,Best places to visit in Deekshabhoomi,generic,city,no_refinement,1.0,0.012853470437017995,0.038560411311053984,0.038560411311053984,0.9406213361243171,1.0,1.0,1.0,0.6,0.8,0.16,1.0,0.5,0.0,0.3994477281255438,0.13548101322100628,0.03989744186401367,0
24,Best places to visit in Ram-Raja,generic,city,no_refinement,1.0,0.012853470437017995,0.038560411311053984,0.038560411311053984,0.9578532519107275,1.0,1.0,1.0,0.6,0.9,0.13999999999999999,1.0,0.5,0.0,0.35173472613492085,0.05670906757246253,0.037787675857543945,0
25,Best places to visit in Matangeshwar Temple,generic,city,no_refinement,1.0,0.038461538461538464,0.11538461538461539,0.11538461538461539,1.0,1.0,1.0,1.0,0.6,0.7,0.13999999999999996,1.0,0.75,0.0,0.490530761003822,0.03951861506897155,0.04004263877868652,0
26,Best places to visit in Barakhamba's Tomb,generic,city,no_refinement,1.0,0.012853470437017995,0.038560411311053984,0.038560411311053984,1.0,1.0,1.0,1.0,0.6,0.9,0.07999999999999999,1.0,0.5,0.0,0.3610136959323619,0.06474118317389858,0.04049849510192871,0
27,Best places to visit in Munnar,generic,city,no_refinement,0.2,1.0,1.0,1.0,1.0,1.0,1.0,1.0,0.8,0.5,0.22000000000000003,1.0,0.6,0.0,0.31721561207735705,0.34119387971091325,0.03358197212219238,0
28,Best places to visit in Marina Beach,generic,city,no_refinement,1.0,0.08620689655172414,0.25862068965517243,0.25862068965517243,1.0,1.0,1.0,1.0,0.6,0.9,0.2,1.0,0.75,0.0,0.5701760759112032,0.003273465696404846,0.03310060501098633,0
29,Best places to visit in Gateway of India,generic,city,no_refinement,1.0,0.012853470437017995,0.038560411311053984,0.038560411311053984,1.0,1.0,1.0,1.0,0.4,0.9,0.07999999999999999,1.0,0.5,0.0,0.4269461389806343,0.08058851068308243,0.03786301612854004,0
30,Best places to visit in Qutub Minar,generic,city,no_refinement,1.0,0.012853470437017995,0.038560411311053984,0.038560411311053984,0.986596874045655,1.0,1.0,1.0,0.6,0.8,0.07999999999999999,1.0,0.5,0.0,0.41847804207329364,0.10511532999978923,0.03953957557678223,0
31,Best places to visit in Red Fort,generic,city,no_refinement,1.0,0.02262443438914027,0.06787330316742081,0.06787330316742081,1.0,1.0,1.0,1.0,0.6,0.9,0.09999999999999998,1.0,0.75,0.0,0.5451159924557658,0.08588549925441229,0.039221763610839844,0
32,Best places to visit in Golden Temple,generic,city,no_refinement,1.0,0.038461538461538464,0.11538461538461539,0.11538461538461539,1.0,1.0,1.0,1.0,0.6,0.8,0.13999999999999996,1.0,0.75,0.0,0.5064293173402002,0.06250144386880224,0.03835296630859375,0
33,Best places to visit in Mysore Palace,generic,city,no_refinement,1.0,0.012853470437017995,0.038560411311053984,0.038560411311053984,0.9589292442852898,1.0,1.0,1.0,0.6,0.9,0.09999999999999998,1.0,0.5,0.0,0.3919245497391469,0.05682654296784884,0.040825843811035156,0
34,Best places to visit in Charminar,generic,city,no_refinement,1.0,0.012853470437017995,0.038560411311053984,0.038560411311053984,0.9406213361243171,1.0,1.0,1.0,0.6,0.8,0.16,1.0,0.5,0.0,0.39642513051768513,0.1274789204195808,0.03926253318786621,0
35,Best places to visit in Hampi,generic,city,no_refinement,0.2,1.0,1.0,1.0,1.0,1.0,1.0,1.0,0.8,0.7,0.3,1.0,0.6,0.0,0.3064348850207795,0.347273638683811,0.03844428062438965,0
36,Best places to visit in Ellora Caves,generic,city,no_refinement,1.0,0.012853470437017995,0.038560411311053984,0.038560411311053984,0.9355862468277816,1.0,1.0,1.0,0.6,0.9,0.16,1.0,0.5,0.0,0.35641392742815103,0.06679090597349452,0.03922724723815918,0
37,Best places to visit in Konark Sun Temple,generic,city,no_refinement,1.0,0.038461538461538464,0.11538461538461539,0.11538461538461539,1.0,1.0,1.0,1.0,0.6,0.8,0.13999999999999996,1.0,0.75,0.0,0.46646892875126433,0.055262401835151485,0.03899574279785156,0
38,Best places to visit in Jagannath Temple,generic,city,no_refinement,1.0,0.038461538461538464,0.11538461538461539,0.11538461538461539,1.0,1.0,1.0,1.0,0.8,0.9,0.18,1.0,0.75,0.0,0.49962191259432503,0.03475655561586615,0.03814864158630371,0
39,Best places to visit in Radhanagar Beach,generic,city,no_refinement,1.0,0.08620689655172414,0.25862068965517243,0.25862068965517243,1.0,1.0,1.0,1.0,0.6,0.9,0.2,1.0,0.75,0.0,0.5748598437840584,0.06206173227217659,0.033069610595703125,0
40,Best places to visit in Varkala Beach,generic,city,no_refinement,1.0,0.08620689655172414,0.25862068965517243,0.25862068965517243,1.0,1.0,1.0,1.0,0.6,0.9,0.2,1.0,0.75,0.0,0.5556908944389358,0.057767291991664665,0.031970977783203125,0
41,Best places to visit in Darjeeling,generic,city,no_refinement,0.8,1.0,1.0,1.0,1.0,1.0,1.0,1.0,0.6,0.7,0.26,1.0,0.9,0.0,0.7512636828244175,0.310284062131217,0.035988807678222656,0
42,Best places to visit in Ooty,generic,city,no_refinement,0.2,1.0,1.0,1.0,1.0,1.0,1.0,1.0,0.6,0.5,0.18,1.0,0.6,0.0,0.3157766256057581,0.3422884385496712,0.03719949722290039,0
43,Best places to visit in Madame Tussaud’s Museum,generic,city,no_refinement,1.0,0.02262443438914027,0.06787330316742081,0.06787330316742081,1.0,1.0,1.0,1.0,0.8,1.0,0.11999999999999997,1.0,0.75,0.0,0.4761406485165377,0.044156442707918415,0.040808916091918945,0
44,Best places to visit in B M Birla Science Museum,generic,city,no_refinement,1.0,0.02262443438914027,0.06787330316742081,0.06787330316742081,1.0,1.0,1.0,1.0,0.6,0.9,0.11999999999999997,1.0,0.75,0.0,0.4772210582371665,0.042046799742163056,0.043776750564575195,0
45,Best places to visit in City Palace Jaipur,generic,city,no_refinement,1.0,0.012853470437017995,0.038560411311053984,0.038560411311053984,0.986596874045655,1.0,1.0,1.0,0.6,0.9,0.07999999999999999,1.0,0.5,0.0,0.41301837543235287,0.10189636334459044,0.03870034217834473,0
46,Best places to visit in Agra Fort,generic,city,no_refinement,1.0,0.02262443438914027,0.06787330316742081,0.06787330316742081,1.0,1.0,1.0,1.0,0.6,1.0,0.09999999999999998,1.0,0.75,0.0,0.5478921640098304,0.11139429163398432,0.03971982002258301,0
47,Best places to visit in Kaziranga National Park,generic,city,no_refinement,1.0,0.046296296296296294,0.1388888888888889,0.1388888888888889,1.0,1.0,1.0,1.0,0.8,0.6,0.09999999999999998,1.0,0.75,0.0,0.5547018000545962,0.10452135236684904,0.0359039306640625,0
48,Best places to visit in Joshi's Museum of Miniature Railways,generic,city,no_refinement,1.0,0.02252252252252252,0.06756756756756757,0.06756756756756757,1.0,1.0,1.0,1.0,0.8,1.1,0.18,1.0,0.7,0.0,0.4543442797616494,0.11258861324289034,0.04244065284729004,0
49,Best places to visit in Shanker's International Doll Museum,generic,city,no_refinement,1.0,0.02262443438914027,0.06787330316742081,0.06787330316742081,1.0,1.0,1.0,1.0,0.8,1.0,0.11999999999999997,1.0,0.75,0.0,0.47733931515598255,0.04735349739307123,0.04047441482543945,0
50,Best places to visit in Sree Chithra Art Gallery,generic,city,no_refinement,1.0,0.012853470437017995,0.038560411311053984,0.038560411311053984,0.9312616145249246,1.0,1.0,1.0,0.8,0.8,0.13999999999999999,1.0,0.5,0.0,0.39237188258917743,0.07915086272842253,0.03950381278991699,0
51,Best places to visit in Lalbhai Dalpatbhai Museum,generic,city,no_refinement,1.0,0.02262443438914027,0.06787330316742081,0.06787330316742081,1.0,1.0,1.0,1.0,0.8,1.0,0.11999999999999997,1.0,0.75,0.0,0.4736580030150355,0.04498655001370426,0.04193615913391113,0
52,Best places to visit in Bangalore Palace,generic,city,no_refinement,1.0,0.012853470437017995,0.038560411311053984,0.038560411311053984,0.986596874045655,1.0,1.0,1.0,0.6,1.1,0.07999999999999999,1.0,0.5,0.0,0.399754015248103,0.09613892675681648,0.038866281509399414,0
53,Best places to visit in Fatehpur Sikri,generic,city,no_refinement,0.2,1.0,1.0,1.0,1.0,1.0,1.0,1.0,0.6,0.6,0.18,1.0,0.6,0.0,0.31567625626602663,0.3421808580305151,0.03632473945617676,0
54,Best places to visit in Lalbagh Botanical Garden,generic,city,no_refinement,1.0,0.012853470437017995,0.038560411311053984,0.038560411311053984,0.986596874045655,1.0,1.0,1.0,0.6,1.0,0.07999999999999999,1.0,0.5,0.0,0.4150137271058152,0.0881108840733166,0.03897595405578613,0
55,Best places to visit in Cubbon Park,generic,city,no_refinement,1.0,0.012853470437017995,0.038560411311053984,0.038560411311053984,1.0,1.0,1.0,1.0,0.6,1.1,0.07999999999999999,1.0,0.5,0.0,0.42940668743106125,0.11879643863338103,0.037249088287353516,0
56,Best places to visit in Sri Venkateswara Zoological Park,generic,city,no_refinement,1.0,0.012853470437017995,0.038560411311053984,0.038560411311053984,0.9145255412093055,1.0,1.0,1.0,0.8,1.0,0.18,1.0,0.5,0.0,0.4013192976536691,0.0970794834432991,0.04007863998413086,0
57,Best places to visit in Ranthambore National Park,generic,city,no_refinement,1.0,0.046296296296296294,0.1388888888888889,0.1388888888888889,1.0,1.0,1.0,1.0,0.6,0.8,0.09999999999999998,1.0,0.75,0.0,0.5068853047015939,0.06777826992495739,0.03715062141418457,0
58,Best places to visit in Meenakshi Temple,generic,city,no_refinement,1.0,0.038461538461538464,0.11538461538461539,0.11538461538461539,1.0,1.0,1.0,1.0,0.6,0.8,0.13999999999999996,1.0,0.75,0.0,0.47753624251275245,0.05436726805294127,0.03772115707397461,0
59,Best places to visit in Nainital,generic,city,no_refinement,0.8,1.0,1.0,1.0,1.0,1.0,1.0,1.0,0.4,0.8,0.31999999999999995,1.0,0.9,0.0,0.7286024303893021,0.2989198688084089,0.035858154296875,0
60,"Best places to visit in War Memorial, Batasia Loop",generic,city,no_refinement,1.0,0.012853470437017995,0.038560411311053984,0.038560411311053984,0.9312616145249246,1.0,1.0,1.0,0.6,1.0,0.13999999999999999,1.0,0.5,0.0,0.3570821062071952,0.045357290773474015,0.0397031307220459,0
61,Best places to visit in Elephanta Caves,generic,city,no_refinement,1.0,0.012853470437017995,0.038560411311053984,0.038560411311053984,0.9480436629792125,1.0,1.0,1.0,0.6,0.8,0.13999999999999999,1.0,0.5,0.0,0.36493849833689185,0.06594387022420141,0.038697004318237305,0
62,Best places to visit in Gandhi Ninaivu Arungatchiyagam,generic,city,no_refinement,1.0,0.012853470437017995,0.038560411311053984,0.038560411311053984,0.953078752275748,1.0,1.0,1.0,0.8,0.8,0.13999999999999999,1.0,0.5,0.0,0.3879861042839606,0.09619149645240006,0.03822946548461914,0
63,Best places to visit in Gangotri,generic,city,no_refinement,0.2,1.0,1.0,1.0,1.0,1.0,1.0,1.0,0.8,0.8,0.24000000000000005,1.0,0.6,0.0,0.3136243220905909,0.34362026470871226,0.03492903709411621,0
64,Best places to visit in Doss & Co.,generic,city,no_refinement,1.0,0.012853470437017995,0.038560411311053984,0.038560411311053984,0.9406213361243171,1.0,1.0,1.0,0.6,0.8,0.16,1.0,0.5,0.0,0.41048916578966727,0.12941936493581566,0.03945493698120117,0
65,Best places to visit in Buland Darwaza,generic,city,no_refinement,1.0,0.012853470437017995,0.038560411311053984,0.038560411311053984,0.986596874045655,1.0,1.0,1.0,0.6,1.0,0.07999999999999999,1.0,0.5,0.0,0.4046789172875317,0.09738230843531841,0.0396273136138916,0
66,Best places to visit in Jasmalnathji Mahadev Temple,generic,city,no_refinement,1.0,0.038461538461538464,0.11538461538461539,0.11538461538461539,1.0,1.0,1.0,1.0,0.6,0.8,0.13999999999999996,1.0,0.75,0.0,0.46831346386974737,0.05795372878175461,0.03817605972290039,0
67,Best places to visit in Kerala Soil Museum,generic,city,no_refinement,1.0,0.02262443438914027,0.06787330316742081,0.06787330316742081,1.0,1.0,1.0,1.0,0.6,1.0,0.09999999999999998,1.0,0.75,0.0,0.4889352644474365,0.0421078568205746,0.044731855392456055,0
68,Best places to visit in Gauribidanuru,generic,city,no_refinement,1.0,0.012853470437017995,0.038560411311053984,0.038560411311053984,0.9406213361243171,1.0,1.0,1.0,0.6,0.8,0.16,1.0,0.5,0.0,0.40368640903254427,0.1337749578348542,0.04001045227050781,0
69,Best places to visit in Rupnagar,generic,city,no_refinement,0.2,1.0,1.0,1.0,1.0,1.0,1.0,1.0,0.8,0.8,0.24000000000000005,1.0,0.6,0.0,0.388155646236862,0.2831555470894142,0.03797292709350586,0
70,Best places to visit in Amarkantak,generic,city,no_refinement,1.0,0.012853470437017995,0.038560411311053984,0.038560411311053984,0.9406213361243171,1.0,1.0,1.0,0.6,0.8,0.16,1.0,0.5,0.0,0.3956555433851455,0.13647854058808953,0.0387265682220459,0
71,Best places to visit in Sohra (Cherrapunji),generic,city,no_refinement,1.0,0.012853470437017995,0.038560411311053984,0.038560411311053984,0.9541744096832829,1.0,1.0,1.0,0.8,0.9,0.12,1.0,0.5,0.0,0.3613260029591415,0.07310130071322955,0.03936147689819336,0
72,Best places to visit in Shillong,generic,city,no_refinement,0.2,1.0,1.0,1.0,1.0,1.0,1.0,1.0,0.8,0.7,0.22000000000000003,1.0,0.6,0.0,0.32351477047575367,0.33874926859753185,0.037154197692871094,0
73,Best places to visit in Triumph of Labour,generic,city,no_refinement,1.0,0.012853470437017995,0.038560411311053984,0.038560411311053984,0.9406213361243171,1.0,1.0,1.0,0.8,0.8,0.16,1.0,0.5,0.0,0.4201327203171166,0.12865684774290212,0.03837466239929199,0
74,Best places to visit in Sanskar Kendra,generic,city,no_refinement,1.0,0.012853470437017995,0.038560411311053984,0.038560411311053984,0.968719168183832,1.0,1.0,1.0,0.6,0.8,0.12,1.0,0.5,0.0,0.3861101974250253,0.12111415812187182,0.04167008399963379,0
75,Best places to visit in Indo-Portuguese Museum,generic,city,no_refinement,1.0,0.02262443438914027,0.06787330316742081,0.06787330316742081,1.0,1.0,1.0,1.0,0.8,0.9,0.13999999999999996,1.0,0.75,0.0,0.531853567944018,0.07064644807938028,0.04036450386047363,0
76,Best places to visit in Jamali Kamali Tomb,generic,city,no_refinement,1.0,0.012853470437017995,0.038560411311053984,0.038560411311053984,1.0,1.0,1.0,1.0,0.6,0.8,0.07999999999999999,1.0,0.5,0.0,0.3710489892200764,0.08867906922098025,0.04069328308105469,0
77,Best places to visit in Kerala Museum,generic,city,no_refinement,1.0,0.02262443438914027,0.06787330316742081,0.06787330316742081,1.0,1.0,1.0,1.0,0.6,1.0,0.09999999999999998,1.0,0.75,0.0,0.4889352644474365,0.0421078568205746,0.04288148880004883,0
78,Best places to visit in Iron Pillar,generic,city,no_refinement,1.0,0.012853470437017995,0.038560411311053984,0.038560411311053984,0.984359584091916,1.0,1.0,1.0,0.6,0.9,0.09999999999999998,1.0,0.5,0.0,0.37855425997899483,0.10182289769693925,0.0381622314453125,0
79,Best places to visit in Guwahati Planetarium,generic,city,no_refinement,1.0,0.012853470437017995,0.038560411311053984,0.038560411311053984,1.0,1.0,1.0,1.0,0.6,0.9,0.07999999999999999,1.0,0.5,0.0,0.3646871927825761,0.07375753732027822,0.040450334548950195,0
80,Best places to visit in Tomb of Abdul Rahim Khan-i-Khanan,generic,city,no_refinement,1.0,0.012853470437017995,0.038560411311053984,0.038560411311053984,1.0,1.0,1.0,1.0,0.6,0.7,0.07999999999999999,1.0,0.5,0.0,0.4287550752156838,0.05352545042463256,0.03949427604675293,0
81,Best places to visit in Chhota Qutub Minar,generic,city,no_refinement,1.0,0.012853470437017995,0.038560411311053984,0.038560411311053984,0.986596874045655,1.0,1.0,1.0,0.6,0.8,0.07999999999999999,1.0,0.5,0.0,0.4178564015595897,0.10505316409443996,0.0394597053527832,0
82,I need family-friendly places in Ajitgarh,personal,city,no_refinement,1.0,0.040983606557377046,0.12295081967213115,0.12295081967213115,1.0,1.0,1.0,1.0,0.4,1.0,0.09999999999999998,1.0,0.6666666666666666,0.0,0.4528182830648239,0.03371626824636187,0.03485918045043945,0
83,Suggest a budget trip for me in Ajitgarh,personal,city,no_refinement,1.0,0.012853470437017995,0.03598971722365039,0.03598971722365039,0.5353800438262759,1.0,1.0,1.0,0.6,0.8,0.5,0.0,0.3333333333333333,1.0,0.15946968418921226,0.011396890125020088,0.0416417121887207,0
84,My parents need easy-access attractions in Ajitgarh,personal,city,no_refinement,1.0,0.02252252252252252,0.06756756756756757,0.06756756756756757,1.0,1.0,1.0,1.0,0.4,1.1,0.09999999999999998,1.0,0.8,0.0,0.6336550254784952,0.07601826957041566,0.039316654205322266,0
85,I want nature and photography spots in Ajitgarh,personal,city,no_refinement,1.0,0.022935779816513763,0.06880733944954129,0.06880733944954129,1.0,1.0,1.0,1.0,0.8,0.5,0.13999999999999996,1.0,0.6666666666666666,0.0,0.4166214063440842,0.08148767778546397,0.03770256042480469,0
86,I need family-friendly places in Ashoka Pillar,personal,city,no_refinement,1.0,0.040983606557377046,0.12295081967213115,0.12295081967213115,1.0,1.0,1.0,1.0,0.4,1.1,0.09999999999999998,1.0,0.6666666666666666,0.0,0.415404590071316,0.012436953862249705,0.034906864166259766,0
87,Suggest a budget trip for me in Ashoka Pillar,personal,city,no_refinement,1.0,0.012853470437017995,0.03598971722365039,0.03598971722365039,0.5353800438262759,1.0,1.0,1.0,1.0,0.7,0.5,0.0,0.3333333333333333,1.0,0.18003096441564723,0.058171720417497255,0.041527748107910156,0
88,My parents need easy-access attractions in Ashoka Pillar,personal,city,no_refinement,1.0,0.02252252252252252,0.06756756756756757,0.06756756756756757,1.0,1.0,1.0,1.0,0.6,1.0,0.09999999999999998,1.0,0.8,0.0,0.5614242045935758,0.019157089987591344,0.040647268295288086,0
89,I want nature and photography spots in Ashoka Pillar,personal,city,no_refinement,1.0,0.022935779816513763,0.06422018348623854,0.06422018348623854,1.0,1.0,1.0,1.0,0.8,0.6,0.11999999999999997,1.0,0.6666666666666666,0.0,0.36473891318319873,0.07245926986305186,0.03814196586608887,0
90,I need family-friendly places in Calico Textile Museum,personal,city,no_refinement,1.0,0.040983606557377046,0.12295081967213115,0.12295081967213115,1.0,1.0,1.0,1.0,0.4,1.1,0.09999999999999998,1.0,0.6666666666666666,0.0,0.4617554370657981,0.03095626536866168,0.03631854057312012,0
91,Suggest a budget trip for me in Calico Textile Museum,personal,city,no_refinement,1.0,0.13513513513513514,0.40540540540540543,0.40540540540540543,1.0,1.0,1.0,1.0,0.8,0.7,0.52,0.0,0.6,0.0,0.32186724319540183,0.025217375178951455,0.03692269325256348,0
92,My parents need easy-access attractions in Calico Textile Museum,personal,city,no_refinement,1.0,0.01773049645390071,0.05319148936170213,0.05319148936170213,1.0,1.0,1.0,1.0,0.4,0.8,0.11999999999999997,1.0,0.8,0.0,0.610403133288061,0.017494309308318225,0.037313222885131836,0
93,I want nature and photography spots in Calico Textile Museum,personal,city,no_refinement,1.0,0.022935779816513763,0.06422018348623854,0.06422018348623854,1.0,1.0,1.0,1.0,0.6,0.7,0.09999999999999998,1.0,0.6666666666666666,0.0,0.3785906004806067,0.06528699805981704,0.040175437927246094,0
94,I need family-friendly places in Vintage and Classic Car Collection,personal,city,no_refinement,1.0,0.040983606557377046,0.12295081967213115,0.12295081967213115,1.0,1.0,1.0,1.0,0.4,1.1,0.09999999999999998,1.0,0.6666666666666666,0.0,0.4844787304403801,0.07175136971732339,0.03529500961303711,0
95,Suggest a budget trip for me in Vintage and Classic Car Collection,personal,city,no_refinement,1.0,0.012853470437017995,0.038560411311053984,0.038560411311053984,0.5353800438262759,1.0,1.0,1.0,0.8,0.7,0.5,0.0,0.3333333333333333,1.0,0.15734061345616984,0.010901393196829385,0.04203176498413086,0
96,My parents need easy-access attractions in Vintage and Classic Car Collection,personal,city,no_refinement,1.0,0.02252252252252252,0.06756756756756757,0.06756756756756757,1.0,1.0,1.0,1.0,0.6,1.0,0.09999999999999998,1.0,0.8,0.0,0.5875365915025448,0.035439450081119886,0.04089522361755371,0
97,I want nature and photography spots in Vintage and Classic Car Collection,personal,city,no_refinement,1.0,0.022935779816513763,0.06880733944954129,0.06880733944954129,1.0,1.0,1.0,1.0,0.8,0.5,0.13999999999999996,1.0,0.6666666666666666,0.0,0.4132479899041325,0.08095348495764149,0.03981423377990723,0
98,I need family-friendly places in Kurukshetra Panorama and Science Centre,personal,city,no_refinement,1.0,0.040983606557377046,0.12295081967213115,0.12295081967213115,1.0,1.0,1.0,1.0,0.4,1.1,0.09999999999999998,1.0,0.6666666666666666,0.0,0.4247973795282613,0.021506545570628977,0.036745309829711914,0
99,Suggest a budget trip for me in Kurukshetra Panorama and Science Centre,personal,city,no_refinement,1.0,0.012853470437017995,0.038560411311053984,0.038560411311053984,0.5353800438262759,1.0,1.0,1.0,0.6,0.7,0.5,0.0,0.3333333333333333,1.0,0.15222851101664675,0.0031691324953575695,0.041787147521972656,0
100,My parents need easy-access attractions in Kurukshetra Panorama and Science Centre,personal,city,no_refinement,1.0,0.02252252252252252,0.06756756756756757,0.06756756756756757,1.0,1.0,1.0,1.0,0.4,1.1,0.09999999999999998,1.0,0.8,0.0,0.56016619229774,0.01819869325026175,0.04051494598388672,0
101,I want nature and photography spots in Kurukshetra Panorama and Science Centre,personal,city,no_refinement,1.0,0.022935779816513763,0.05963302752293578,0.05963302752293578,1.0,1.0,1.0,1.0,0.6,0.7,0.07999999999999999,1.0,0.6666666666666666,0.0,0.33564470487331566,0.046308084218129965,0.04111766815185547,0
102,I need family-friendly places in Chennai Railway Museum,personal,city,no_refinement,1.0,0.040983606557377046,0.12295081967213115,0.12295081967213115,1.0,1.0,1.0,1.0,0.4,1.1,0.09999999999999998,1.0,0.6666666666666666,0.0,0.4458151527298669,0.017925411712097376,0.03816485404968262,0
103,Suggest a budget trip for me in Chennai Railway Museum,personal,city,no_refinement,1.0,0.13513513513513514,0.40540540540540543,0.40540540540540543,1.0,1.0,1.0,1.0,0.8,0.7,0.5,0.0,0.6,0.0,0.2723454891514018,0.01236546109961337,0.03721356391906738,0
104,My parents need easy-access attractions in Chennai Railway Museum,personal,city,no_refinement,1.0,0.01773049645390071,0.05319148936170213,0.05319148936170213,1.0,1.0,1.0,1.0,0.6,1.0,0.09999999999999998,1.0,0.8,0.0,0.6148080757660258,0.03230862540941788,0.03792166709899902,0
105,I want nature and photography spots in Chennai Railway Museum,personal,city,no_refinement,1.0,0.022935779816513763,0.06422018348623854,0.06422018348623854,1.0,1.0,1.0,1.0,0.6,0.7,0.07999999999999999,1.0,0.6666666666666666,0.0,0.36279393765175916,0.060925063820153266,0.03976273536682129,0
106,I need family-friendly places in Kirtistambh,personal,city,no_refinement,1.0,0.040983606557377046,0.12295081967213115,0.12295081967213115,1.0,1.0,1.0,1.0,0.4,1.0,0.09999999999999998,1.0,0.6666666666666666,0.0,0.446304800860111,0.029385117342593498,0.049211740493774414,0
107,Suggest a budget trip for me in Kirtistambh,personal,city,no_refinement,1.0,0.012853470437017995,0.03598971722365039,0.03598971722365039,0.5353800438262759,1.0,1.0,1.0,0.8,0.7,0.5,0.0,0.3333333333333333,1.0,0.15915847249033396,0.016016190339231347,0.05641961097717285,0
108,My parents need easy-access attractions in Kirtistambh,personal,city,no_refinement,1.0,0.02252252252252252,0.06756756756756757,0.06756756756756757,1.0,1.0,1.0,1.0,0.4,1.1,0.09999999999999998,1.0,0.8,0.0,0.633945145510735,0.07596784377705272,0.05487942695617676,0
109,I want nature and photography spots in Kirtistambh,personal,city,no_refinement,1.0,0.022935779816513763,0.06880733944954129,0.06880733944954129,1.0,1.0,1.0,1.0,0.8,0.5,0.13999999999999996,1.0,0.6666666666666666,0.0,0.4196956303125015,0.08053511571999633,0.04351234436035156,0
110,I need family-friendly places in Gohilwad Timbo,personal,city,no_refinement,1.0,0.040983606557377046,0.12295081967213115,0.12295081967213115,1.0,1.0,1.0,1.0,0.4,1.0,0.09999999999999998,1.0,0.6666666666666666,0.0,0.4539432058636524,0.028791268086904413,0.03615760803222656,0
111,Suggest a budget trip for me in Gohilwad Timbo,personal,city,no_refinement,1.0,0.012853470437017995,0.03598971722365039,0.03598971722365039,0.5353800438262759,1.0,1.0,1.0,0.6,0.8,0.5,0.0,0.3333333333333333,1.0,0.15277357558971202,0.004461644081545449,0.04224872589111328,0
112,My parents need easy-access attractions in Gohilwad Timbo,personal,city,no_refinement,1.0,0.02252252252252252,0.06756756756756757,0.06756756756756757,1.0,1.0,1.0,1.0,0.4,1.1,0.09999999999999998,1.0,0.8,0.0,0.6376840545128284,0.07736283551692394,0.04054999351501465,0
113,I want nature and photography spots in Gohilwad Timbo,personal,city,no_refinement,1.0,0.022935779816513763,0.06880733944954129,0.06880733944954129,1.0,1.0,1.0,1.0,0.8,0.5,0.13999999999999996,1.0,0.6666666666666666,0.0,0.41935630476383945,0.08030907612716244,0.03980422019958496,0
114,I need family-friendly places in Borsad Stepwell,personal,city,no_refinement,1.0,0.040983606557377046,0.12295081967213115,0.12295081967213115,1.0,1.0,1.0,1.0,0.4,1.1,0.09999999999999998,1.0,0.6666666666666666,0.0,0.4328311343823934,0.020777294619831056,0.03566575050354004,0
115,Suggest a budget trip for me in Borsad Stepwell,personal,city,no_refinement,1.0,0.012853470437017995,0.03598971722365039,0.03598971722365039,0.5353800438262759,1.0,1.0,1.0,0.6,0.8,0.5,0.0,0.3333333333333333,1.0,0.1517412741214057,0.002534316763843905,0.041904449462890625,0
116,My parents need easy-access attractions in Borsad Stepwell,personal,city,no_refinement,1.0,0.02252252252252252,0.06756756756756757,0.06756756756756757,1.0,1.0,1.0,1.0,0.4,1.1,0.09999999999999998,1.0,0.8,0.0,0.5731349747794097,0.028860777486102874,0.040491580963134766,0
117,I want nature and photography spots in Borsad Stepwell,personal,city,no_refinement,1.0,0.022935779816513763,0.06422018348623854,0.06422018348623854,1.0,1.0,1.0,1.0,0.8,0.6,0.11999999999999997,1.0,0.6666666666666666,0.0,0.35934192265797665,0.06575174462065689,0.03948831558227539,0
118,I need family-friendly places in Talaja Caves,personal,city,no_refinement,1.0,0.040983606557377046,0.12295081967213115,0.12295081967213115,1.0,1.0,1.0,1.0,0.4,1.1,0.09999999999999998,1.0,0.6666666666666666,0.0,0.42648101540245636,0.022381005297704284,0.03595232963562012,0
119,Suggest a budget trip for me in Talaja Caves,personal,city,no_refinement,0.8,0.010282776349614395,0.033419023136246784,0.033419023136246784,0.49906412271357237,0.5,0.5433333333333333,1.0,0.6,0.7,0.52,0.0,0.3333333333333333,1.0,0.158571637947738,0.017533116665908247,0.041254281997680664,0
120,My parents need easy-access attractions in Talaja Caves,personal,city,no_refinement,1.0,0.02252252252252252,0.06756756756756757,0.06756756756756757,1.0,1.0,1.0,1.0,0.6,1.0,0.09999999999999998,1.0,0.8,0.0,0.572193119167301,0.027925851973617473,0.04029250144958496,0
121,I want nature and photography spots in Talaja Caves,personal,city,no_refinement,1.0,0.022935779816513763,0.06880733944954129,0.06880733944954129,1.0,1.0,1.0,1.0,1.0,0.5,0.18,1.0,0.6666666666666666,0.0,0.3940732703014918,0.057798727225267174,0.038774967193603516,0
122,I need family-friendly places in Amritavarshini Vav,personal,city,no_refinement,1.0,0.040983606557377046,0.12295081967213115,0.12295081967213115,1.0,1.0,1.0,1.0,0.4,1.0,0.09999999999999998,1.0,0.6666666666666666,0.0,0.4218911145306702,0.01755888758564713,0.03568434715270996,0
123,Suggest a budget trip for me in Amritavarshini Vav,personal,city,no_refinement,1.0,0.012853470437017995,0.03598971722365039,0.03598971722365039,0.5353800438262759,1.0,1.0,1.0,0.8,0.8,0.5,0.0,0.3333333333333333,1.0,0.15193349769927428,0.0018908987033120354,0.04198503494262695,0
124,My parents need easy-access attractions in Amritavarshini Vav,personal,city,no_refinement,1.0,0.02252252252252252,0.06756756756756757,0.06756756756756757,1.0,1.0,1.0,1.0,0.6,1.0,0.09999999999999998,1.0,0.8,0.0,0.5652959263264715,0.027967918948684948,0.04339337348937988,0
125,I want nature and photography spots in Amritavarshini Vav,personal,city,no_refinement,1.0,0.022935779816513763,0.06880733944954129,0.06880733944954129,1.0,1.0,1.0,1.0,0.8,0.6,0.11999999999999997,1.0,0.6666666666666666,0.0,0.3645787476529986,0.06573586084053969,0.04090166091918945,0
126,I need family-friendly places in Bhuchar Mori,personal,city,no_refinement,1.0,0.040983606557377046,0.12295081967213115,0.12295081967213115,1.0,1.0,1.0,1.0,0.4,1.1,0.09999999999999998,1.0,0.6666666666666666,0.0,0.44416727885658,0.029908384613056904,0.0366816520690918,0
127,Suggest a budget trip for me in Bhuchar Mori,personal,city,no_refinement,1.0,0.012853470437017995,0.033419023136246784,0.033419023136246784,0.5353800438262759,1.0,1.0,1.0,0.6,0.7,0.5,0.0,0.3333333333333333,1.0,0.1530953421947736,0.003675643314877667,0.04275083541870117,0
128,My parents need easy-access attractions in Bhuchar Mori,personal,city,no_refinement,1.0,0.02252252252252252,0.06756756756756757,0.06756756756756757,1.0,1.0,1.0,1.0,0.4,1.1,0.09999999999999998,1.0,0.8,0.0,0.6331336152934643,0.07707588033080504,0.04206490516662598,0
129,I want nature and photography spots in Bhuchar Mori,personal,city,no_refinement,1.0,0.022935779816513763,0.06880733944954129,0.06880733944954129,1.0,1.0,1.0,1.0,0.8,0.5,0.13999999999999996,1.0,0.6666666666666666,0.0,0.4201856178322664,0.07922448534927123,0.040883541107177734,0
130,"I need family-friendly places in Shiva temple, Kera",personal,city,no_refinement,1.0,0.03676470588235294,0.09558823529411764,0.09558823529411764,1.0,1.0,1.0,1.0,0.2,0.9,0.28,1.0,1.0,0.0,0.7373087577291974,0.0117147802441729,0.03603696823120117,0
131,"Suggest a budget trip for me in Shiva temple, Kera",personal,city,no_refinement,0.6,0.14285714285714285,0.3333333333333333,0.3333333333333333,0.7227265726449519,1.0,0.6,1.0,0.2,0.8,0.27999999999999997,0.0,0.44000000000000006,0.4,0.4228315779791216,0.19955463418409322,0.036576271057128906,0
132,"My parents need easy-access attractions in Shiva temple, Kera",personal,city,no_refinement,1.0,0.019083969465648856,0.05725190839694656,0.05725190839694656,1.0,1.0,1.0,1.0,0.2,0.7,0.30000000000000004,1.0,0.8800000000000001,0.0,0.7759583021816455,0.09183939430097297,0.03906702995300293,0
133,"I want nature and photography spots in Shiva temple, Kera",personal,city,no_refinement,1.0,0.021739130434782608,0.06521739130434782,0.06521739130434782,1.0,1.0,1.0,1.0,0.2,0.7,0.19999999999999998,1.0,1.0,0.0,0.6925244512510255,0.008272576556022874,0.0387883186340332,0
134,I need family-friendly places in Sahastralinga Tank,personal,city,no_refinement,1.0,0.040983606557377046,0.12295081967213115,0.12295081967213115,1.0,1.0,1.0,1.0,0.4,1.1,0.09999999999999998,1.0,0.6666666666666666,0.0,0.4411218556718147,0.027664918226373483,0.03511238098144531,0
135,Suggest a budget trip for me in Sahastralinga Tank,personal,city,no_refinement,1.0,0.012853470437017995,0.03598971722365039,0.03598971722365039,0.5353800438262759,1.0,1.0,1.0,0.6,0.8,0.5,0.0,0.3333333333333333,1.0,0.15428226055370178,0.005082525592963379,0.04375052452087402,0
136,My parents need easy-access attractions in Sahastralinga Tank,personal,city,no_refinement,1.0,0.02252252252252252,0.06756756756756757,0.06756756756756757,1.0,1.0,1.0,1.0,0.6,1.0,0.09999999999999998,1.0,0.8,0.0,0.5976533446324819,0.057132474373267045,0.040056705474853516,0
137,I want nature and photography spots in Sahastralinga Tank,personal,city,no_refinement,1.0,0.022935779816513763,0.06880733944954129,0.06880733944954129,1.0,1.0,1.0,1.0,0.8,0.5,0.13999999999999996,1.0,0.6666666666666666,0.0,0.4067241114518353,0.07690309977193677,0.0396268367767334,0
138,I need family-friendly places in Kadia Dungar caves,personal,city,no_refinement,1.0,0.040983606557377046,0.12295081967213115,0.12295081967213115,1.0,1.0,1.0,1.0,0.4,1.1,0.09999999999999998,1.0,0.6666666666666666,0.0,0.4366526003960699,0.023062531670509635,0.035594940185546875,0
139,Suggest a budget trip for me in Kadia Dungar caves,personal,city,no_refinement,0.8,0.010282776349614395,0.033419023136246784,0.033419023136246784,0.49906412271357237,0.5,0.5433333333333333,1.0,0.6,0.7,0.52,0.0,0.3333333333333333,1.0,0.15921659257758664,0.018821847990516727,0.04173421859741211,0
140,My parents need easy-access attractions in Kadia Dungar caves,personal,city,no_refinement,1.0,0.02252252252252252,0.06756756756756757,0.06756756756756757,1.0,1.0,1.0,1.0,0.6,1.0,0.09999999999999998,1.0,0.8,0.0,0.5740722752985189,0.02917662643740912,0.040378570556640625,0
141,I want nature and photography spots in Kadia Dungar caves,personal,city,no_refinement,1.0,0.022935779816513763,0.06880733944954129,0.06880733944954129,1.0,1.0,1.0,1.0,1.0,0.5,0.18,1.0,0.6666666666666666,0.0,0.39187446026952805,0.056154086167567646,0.03883171081542969,0
142,I need family-friendly places in Brahma Kund,personal,city,no_refinement,1.0,0.040983606557377046,0.12295081967213115,0.12295081967213115,1.0,1.0,1.0,1.0,0.4,1.0,0.09999999999999998,1.0,0.6666666666666666,0.0,0.44537013255356894,0.023974581459048225,0.03465676307678223,0
143,Suggest a budget trip for me in Brahma Kund,personal,city,no_refinement,1.0,0.012853470437017995,0.03598971722365039,0.03598971722365039,0.5353800438262759,1.0,1.0,1.0,1.0,0.8,0.5,0.0,0.3333333333333333,1.0,0.19015649548482907,0.0805732360683753,0.04022502899169922,0
144,My parents need easy-access attractions in Brahma Kund,personal,city,no_refinement,1.0,0.02252252252252252,0.06756756756756757,0.06756756756756757,1.0,1.0,1.0,1.0,0.6,1.0,0.09999999999999998,1.0,0.8,0.0,0.5890454916034272,0.03339853983863292,0.03891873359680176,0
145,I want nature and photography spots in Brahma Kund,personal,city,no_refinement,1.0,0.022935779816513763,0.06880733944954129,0.06880733944954129,1.0,1.0,1.0,1.0,0.8,0.5,0.13999999999999996,1.0,0.6666666666666666,0.0,0.39727424569254693,0.08502125980427423,0.03853964805603027,0
146,I need family-friendly places in Jethabhai's Stepwell,personal,city,no_refinement,1.0,0.040983606557377046,0.12295081967213115,0.12295081967213115,1.0,1.0,1.0,1.0,0.4,1.1,0.09999999999999998,1.0,0.6666666666666666,0.0,0.434752733876952,0.026429489931308444,0.034853219985961914,0
147,Suggest a budget trip for me in Jethabhai's Stepwell,personal,city,no_refinement,1.0,0.012853470437017995,0.03598971722365039,0.03598971722365039,0.5353800438262759,1.0,1.0,1.0,0.6,0.8,0.5,0.0,0.3333333333333333,1.0,0.1532096904993289,0.0036590894647336595,0.04169940948486328,0
148,My parents need easy-access attractions in Jethabhai's Stepwell,personal,city,no_refinement,1.0,0.02252252252252252,0.06756756756756757,0.06756756756756757,1.0,1.0,1.0,1.0,0.6,1.0,0.09999999999999998,1.0,0.8,0.0,0.5642200341095649,0.016247006305452644,0.04014301300048828,0
149,I want nature and photography spots in Jethabhai's Stepwell,personal,city,no_refinement,1.0,0.022935779816513763,0.06422018348623854,0.06422018348623854,1.0,1.0,1.0,1.0,0.8,0.6,0.07999999999999999,1.0,0.6666666666666666,0.0,0.3591673143768933,0.07972506166729791,0.039670705795288086,0
150,"I need family-friendly places in Rajgadhi Timbo, Umta",personal,city,no_refinement,1.0,0.040983606557377046,0.12295081967213115,0.12295081967213115,1.0,1.0,1.0,1.0,0.4,1.0,0.09999999999999998,1.0,0.6666666666666666,0.0,0.4463405513825309,0.03175931968767365,0.03535294532775879,0
151,"Suggest a budget trip for me in Rajgadhi Timbo, Umta",personal,city,no_refinement,1.0,0.012853470437017995,0.03598971722365039,0.03598971722365039,0.5353800438262759,1.0,1.0,1.0,0.6,0.7,0.5,0.0,0.3333333333333333,1.0,0.15582961532616962,0.010585990311760635,0.04183387756347656,0
152,"My parents need easy-access attractions in Rajgadhi Timbo, Umta",personal,city,no_refinement,1.0,0.02252252252252252,0.06756756756756757,0.06756756756756757,1.0,1.0,1.0,1.0,0.4,1.1,0.09999999999999998,1.0,0.8,0.0,0.6331180309716005,0.07682412660748572,0.04020190238952637,0
153,"I want nature and photography spots in Rajgadhi Timbo, Umta",personal,city,no_refinement,1.0,0.022935779816513763,0.06880733944954129,0.06880733944954129,1.0,1.0,1.0,1.0,0.8,0.5,0.13999999999999996,1.0,0.6666666666666666,0.0,0.41647455381323717,0.07974514601598821,0.037351131439208984,0
154,I need family-friendly places in Mithivav,personal,city,no_refinement,1.0,0.040983606557377046,0.12295081967213115,0.12295081967213115,1.0,1.0,1.0,1.0,0.4,1.0,0.09999999999999998,1.0,0.6666666666666666,0.0,0.4595338466156865,0.026264148060275768,0.03390192985534668,0
155,Suggest a budget trip for me in Mithivav,personal,city,no_refinement,1.0,0.012853470437017995,0.038560411311053984,0.038560411311053984,0.5353800438262759,1.0,1.0,1.0,0.8,0.7,0.5,0.0,0.3333333333333333,1.0,0.1531109973681482,0.004932826345005567,0.040006399154663086,0
156,My parents need easy-access attractions in Mithivav,personal,city,no_refinement,1.0,0.02252252252252252,0.06756756756756757,0.06756756756756757,1.0,1.0,1.0,1.0,0.4,1.1,0.09999999999999998,1.0,0.8,0.0,0.6375565092976248,0.07499179479960728,0.03962564468383789,0
157,I want nature and photography spots in Mithivav,personal,city,no_refinement,1.0,0.022935779816513763,0.06880733944954129,0.06880733944954129,1.0,1.0,1.0,1.0,0.8,0.5,0.13999999999999996,1.0,0.6666666666666666,0.0,0.4193967328763092,0.08075514966118827,0.03805351257324219,0
158,"I need family-friendly places in Shiva Temple, Bavka",personal,city,no_refinement,1.0,0.040983606557377046,0.12295081967213115,0.12295081967213115,1.0,1.0,1.0,1.0,0.4,0.9,0.09999999999999998,1.0,0.6666666666666666,0.0,0.45535462317803416,0.031038783889571476,0.03577780723571777,0
159,"Suggest a budget trip for me in Shiva Temple, Bavka",personal,city,no_refinement,1.0,0.2777777777777778,0.7222222222222222,0.7222222222222222,1.0,1.0,1.0,1.0,0.8,0.5,0.5,0.0,0.6,0.0,0.3368410507144538,0.010734573168550239,0.03600049018859863,0
160,"My parents need easy-access attractions in Shiva Temple, Bavka",personal,city,no_refinement,1.0,0.01968503937007874,0.05905511811023622,0.05905511811023622,1.0,1.0,1.0,1.0,0.6,0.8,0.27999999999999997,1.0,0.8,0.0,0.6570312315557904,0.026988673922199547,0.038751840591430664,0
161,"I want nature and photography spots in Shiva Temple, Bavka",personal,city,no_refinement,1.0,0.022935779816513763,0.06880733944954129,0.06880733944954129,1.0,1.0,1.0,1.0,0.8,0.6,0.11999999999999997,1.0,0.6666666666666666,0.0,0.3662361219314484,0.07962216941469696,0.04026222229003906,0
162,I need family-friendly places in Jahaz Mahal,personal,city,no_refinement,1.0,0.040983606557377046,0.12295081967213115,0.12295081967213115,1.0,1.0,1.0,1.0,0.4,1.1,0.09999999999999998,1.0,0.6666666666666666,0.0,0.4434699266115585,0.02797044666170339,0.03554964065551758,0
163,Suggest a budget trip for me in Jahaz Mahal,personal,city,no_refinement,1.0,0.012853470437017995,0.038560411311053984,0.038560411311053984,0.5353800438262759,1.0,1.0,1.0,0.6,0.8,0.5,0.0,0.3333333333333333,1.0,0.16957710519469804,0.03695500183432438,0.040383100509643555,0
164,My parents need easy-access attractions in Jahaz Mahal,personal,city,no_refinement,1.0,0.02252252252252252,0.06756756756756757,0.06756756756756757,1.0,1.0,1.0,1.0,0.4,1.1,0.09999999999999998,1.0,0.8,0.0,0.5939643637613844,0.035450361616748124,0.03891944885253906,0
165,I want nature and photography spots in Jahaz Mahal,personal,city,no_refinement,1.0,0.022935779816513763,0.06880733944954129,0.06880733944954129,1.0,1.0,1.0,1.0,0.6,0.7,0.09999999999999998,1.0,0.6666666666666666,0.0,0.3586600557001794,0.06909651248804034,0.04039359092712402,0
166,I need family-friendly places in Bapu Museum,personal,city,no_refinement,1.0,0.040983606557377046,0.12295081967213115,0.12295081967213115,1.0,1.0,1.0,1.0,0.6,1.1,0.11999999999999997,1.0,0.6666666666666666,0.0,0.47677375416427614,0.028619582503896006,0.0354619026184082,0
167,Suggest a budget trip for me in Bapu Museum,personal,city,no_refinement,1.0,0.13513513513513514,0.40540540540540543,0.40540540540540543,1.0,1.0,1.0,1.0,0.6,0.7,0.52,0.0,0.6,0.0,0.3860666220298751,0.05317140661050309,0.03615975379943848,0
168,My parents need easy-access attractions in Bapu Museum,personal,city,no_refinement,1.0,0.01773049645390071,0.05319148936170213,0.05319148936170213,1.0,1.0,1.0,1.0,0.4,0.9,0.09999999999999998,1.0,0.8,0.0,0.6184292325949698,0.02807928060298164,0.03817009925842285,0
169,I want nature and photography spots in Bapu Museum,personal,city,no_refinement,1.0,0.022935779816513763,0.06880733944954129,0.06880733944954129,1.0,1.0,1.0,1.0,0.8,0.6,0.11999999999999997,1.0,0.6666666666666666,0.0,0.41738610664566256,0.08097081629588068,0.04012870788574219,0
170,I need family-friendly places in Jorasanko Thakur Bari,personal,city,no_refinement,1.0,0.040983606557377046,0.12295081967213115,0.12295081967213115,1.0,1.0,1.0,1.0,0.4,1.1,0.09999999999999998,1.0,0.6666666666666666,0.0,0.4633676007036128,0.023328305144613443,0.034636497497558594,0
171,Suggest a budget trip for me in Jorasanko Thakur Bari,personal,city,no_refinement,1.0,0.012853470437017995,0.03598971722365039,0.03598971722365039,0.5353800438262759,1.0,1.0,1.0,0.6,0.8,0.5,0.0,0.3333333333333333,1.0,0.16682704404995766,0.025124804456584517,0.04169869422912598,0
172,My parents need easy-access attractions in Jorasanko Thakur Bari,personal,city,no_refinement,1.0,0.02252252252252252,0.06756756756756757,0.06756756756756757,1.0,1.0,1.0,1.0,0.4,1.1,0.09999999999999998,1.0,0.8,0.0,0.6280935209892708,0.04865783308301967,0.043195486068725586,0
173,I want nature and photography spots in Jorasanko Thakur Bari,personal,city,no_refinement,1.0,0.022935779816513763,0.06880733944954129,0.06880733944954129,1.0,1.0,1.0,1.0,0.8,0.5,0.13999999999999996,1.0,0.6666666666666666,0.0,0.4070417702671759,0.08765300064617922,0.0390012264251709,0
174,I need family-friendly places in Chaunsath Yogini temple,personal,city,no_refinement,1.0,0.040983606557377046,0.12295081967213115,0.12295081967213115,1.0,1.0,1.0,1.0,0.4,0.9,0.09999999999999998,1.0,0.6666666666666666,0.0,0.4512272950831123,0.02294773822167667,0.03633451461791992,0
175,Suggest a budget trip for me in Chaunsath Yogini temple,personal,city,no_refinement,1.0,0.2777777777777778,0.7777777777777778,0.7777777777777778,1.0,1.0,1.0,1.0,0.8,0.5,0.5,0.0,0.6,0.0,0.39601582889997977,0.045819598365743855,0.03658175468444824,0
176,My parents need easy-access attractions in Chaunsath Yogini temple,personal,city,no_refinement,1.0,0.01968503937007874,0.05905511811023622,0.05905511811023622,1.0,1.0,1.0,1.0,0.6,0.8,0.24,1.0,0.8,0.0,0.6422877660759525,0.021348726453042595,0.03850746154785156,0
177,I want nature and photography spots in Chaunsath Yogini temple,personal,city,no_refinement,1.0,0.022935779816513763,0.06880733944954129,0.06880733944954129,1.0,1.0,1.0,1.0,0.8,0.6,0.11999999999999997,1.0,0.6666666666666666,0.0,0.37236828556379475,0.07766306054303812,0.04209280014038086,0
178,"I need family-friendly places in National Fossil Wood Park, Tiruvakkarai",personal,city,no_refinement,1.0,0.040983606557377046,0.12295081967213115,0.12295081967213115,1.0,1.0,1.0,1.0,0.4,1.1,0.09999999999999998,1.0,0.6666666666666666,0.0,0.43086978661333664,0.025237416835126304,0.03619885444641113,0
179,"Suggest a budget trip for me in National Fossil Wood Park, Tiruvakkarai",personal,city,no_refinement,1.0,0.012853470437017995,0.03598971722365039,0.03598971722365039,0.5353800438262759,1.0,1.0,1.0,1.0,0.6,0.5,0.0,0.3333333333333333,1.0,0.1964754965914161,0.046254082087693285,0.04021906852722168,0
180,"My parents need easy-access attractions in National Fossil Wood Park, Tiruvakkarai",personal,city,no_refinement,1.0,0.02252252252252252,0.06756756756756757,0.06756756756756757,1.0,1.0,1.0,1.0,0.6,1.0,0.09999999999999998,1.0,0.8,0.0,0.5709486600751081,0.033804128156536765,0.03995800018310547,0
181,"I want nature and photography spots in National Fossil Wood Park, Tiruvakkarai",personal,city,no_refinement,1.0,0.022935779816513763,0.06880733944954129,0.06880733944954129,1.0,1.0,1.0,1.0,0.8,0.5,0.07999999999999999,1.0,0.6666666666666666,0.0,0.40418057995838674,0.07146667878354161,0.03807425498962402,0
182,I need family-friendly places in Undavalli Caves,personal,city,no_refinement,1.0,0.040983606557377046,0.12295081967213115,0.12295081967213115,1.0,1.0,1.0,1.0,0.4,1.1,0.09999999999999998,1.0,0.6666666666666666,0.0,0.42855474903351426,0.022882001177764563,0.03612208366394043,0
183,Suggest a budget trip for me in Undavalli Caves,personal,city,no_refinement,0.8,0.010282776349614395,0.033419023136246784,0.033419023136246784,0.49906412271357237,0.5,0.5433333333333333,1.0,0.6,0.7,0.52,0.0,0.3333333333333333,1.0,0.15513067867356023,0.010662298114953343,0.04049396514892578,0
184,My parents need easy-access attractions in Undavalli Caves,personal,city,no_refinement,1.0,0.02252252252252252,0.06756756756756757,0.06756756756756757,1.0,1.0,1.0,1.0,0.6,1.0,0.09999999999999998,1.0,0.8,0.0,0.5597497421579775,0.017649544716735542,0.04072833061218262,0
185,I want nature and photography spots in Undavalli Caves,personal,city,no_refinement,1.0,0.022935779816513763,0.06880733944954129,0.06880733944954129,1.0,1.0,1.0,1.0,0.8,0.6,0.11999999999999997,1.0,0.6666666666666666,0.0,0.37192821840345575,0.05173731623998781,0.0390782356262207,0
186,I need family-friendly places in Nariman Point,personal,city,no_refinement,1.0,0.040983606557377046,0.12295081967213115,0.12295081967213115,1.0,1.0,1.0,1.0,0.4,1.1,0.09999999999999998,1.0,0.6666666666666666,0.0,0.44054433272625976,0.029976425039594294,0.036841630935668945,0
187,Suggest a budget trip for me in Nariman Point,personal,city,no_refinement,1.0,0.012853470437017995,0.03598971722365039,0.03598971722365039,0.5353800438262759,1.0,1.0,1.0,0.6,0.6,0.5,0.0,0.3333333333333333,1.0,0.19121486748565036,0.05823756526053794,0.040547847747802734,0
188,My parents need easy-access attractions in Nariman Point,personal,city,no_refinement,1.0,0.02252252252252252,0.06756756756756757,0.06756756756756757,1.0,1.0,1.0,1.0,0.4,1.0,0.11999999999999997,1.0,0.8,0.0,0.6012885482811525,0.04979555458693796,0.04060864448547363,0
189,I want nature and photography spots in Nariman Point,personal,city,no_refinement,1.0,0.022935779816513763,0.06880733944954129,0.06880733944954129,1.0,1.0,1.0,1.0,0.8,0.7,0.13999999999999996,1.0,0.6666666666666666,0.0,0.4006996532366185,0.08007261110990194,0.0388638973236084,0
190,I need family-friendly places in Ambedkar Memorial,personal,city,no_refinement,1.0,0.040983606557377046,0.12295081967213115,0.12295081967213115,1.0,1.0,1.0,1.0,0.4,1.1,0.09999999999999998,1.0,0.6666666666666666,0.0,0.42174825041281655,0.010175353394306239,0.034646034240722656,0
191,Suggest a budget trip for me in Ambedkar Memorial,personal,city,no_refinement,1.0,0.012853470437017995,0.03598971722365039,0.03598971722365039,0.5353800438262759,1.0,1.0,1.0,0.8,0.6,0.5,0.0,0.3333333333333333,1.0,0.15317800855614774,0.005330809264001398,0.04057931900024414,0
192,My parents need easy-access attractions in Ambedkar Memorial,personal,city,no_refinement,1.0,0.02252252252252252,0.06756756756756757,0.06756756756756757,1.0,1.0,1.0,1.0,0.6,1.0,0.09999999999999998,1.0,0.8,0.0,0.5612657646638158,0.01910355483696889,0.03940773010253906,0
193,I want nature and photography spots in Ambedkar Memorial,personal,city,no_refinement,1.0,0.022935779816513763,0.06880733944954129,0.06880733944954129,1.0,1.0,1.0,1.0,0.8,0.6,0.09999999999999998,1.0,0.6666666666666666,0.0,0.35301369992835985,0.06220496515476309,0.03997373580932617,0
194,I need family-friendly places in Snake Park,personal,city,no_refinement,1.0,0.040983606557377046,0.12295081967213115,0.12295081967213115,1.0,1.0,1.0,1.0,0.4,1.1,0.09999999999999998,1.0,0.6666666666666666,0.0,0.44446792541320657,0.047018893456021664,0.03482651710510254,0
195,Suggest a budget trip for me in Snake Park,personal,city,no_refinement,1.0,0.012853470437017995,0.038560411311053984,0.038560411311053984,0.5353800438262759,1.0,1.0,1.0,0.8,0.6,0.5,0.0,0.3333333333333333,1.0,0.18280745001094634,0.035734481732993234,0.03918623924255371,0
196,My parents need easy-access attractions in Snake Park,personal,city,no_refinement,1.0,0.02252252252252252,0.06756756756756757,0.06756756756756757,1.0,1.0,1.0,1.0,0.6,1.0,0.09999999999999998,1.0,0.8,0.0,0.5934351854721571,0.07442079298880838,0.03948187828063965,0
197,I want nature and photography spots in Snake Park,personal,city,no_refinement,1.0,0.022935779816513763,0.06880733944954129,0.06880733944954129,1.0,1.0,1.0,1.0,0.8,0.5,0.11999999999999997,1.0,0.6666666666666666,0.0,0.4078293834906857,0.0689174094335498,0.036202430725097656,0
198,I need family-friendly places in Arjuna's Penance,personal,city,no_refinement,1.0,0.04032258064516129,0.12096774193548387,0.12096774193548387,1.0,1.0,1.0,1.0,0.6,0.9,0.2,1.0,0.5333333333333333,0.4,0.45134060956069194,0.14873005179292548,0.03444981575012207,0
199,Suggest a budget trip for me in Arjuna's Penance,personal,city,no_refinement,1.0,0.012853470437017995,0.038560411311053984,0.038560411311053984,0.6309246812100412,1.0,1.0,1.0,0.6,0.8,0.44000000000000006,0.0,0.3333333333333333,1.0,0.2785193640128786,0.27824623259844344,0.042749643325805664,0
200,My parents need easy-access attractions in Arjuna's Penance,personal,city,no_refinement,1.0,0.02242152466367713,0.06726457399103139,0.06726457399103139,1.0,1.0,1.0,1.0,0.6,1.0,0.15999999999999998,1.0,0.76,0.0,0.6005423498988722,0.07946760730557907,0.04104208946228027,0
1,Best adventure places in India,generic,broad,no_personalization,1.0,0.1,0.3,0.3,1.0,1.0,1.0,1.0,0.4,1.0,0.09999999999999998,1.0,1.0,0.0,0.7074640612429061,0.01408728475714212,0.03888750076293945,0
2,Best beach places in India,generic,broad,no_personalization,1.0,0.1,0.28,0.28,1.0,1.0,1.0,1.0,0.6,0.8,0.26,1.0,1.0,0.0,0.7715500359836778,0.019898825337906958,0.027475595474243164,0
3,Best cultural places in India,generic,broad,no_personalization,1.0,0.1,0.28,0.28,1.0,1.0,1.0,1.0,0.4,0.8,0.09999999999999998,1.0,1.0,0.0,0.6962221493185023,0.018965550603245167,0.035950660705566406,0
4,Best family places in India,generic,broad,no_personalization,1.0,0.1,0.3,0.3,1.0,1.0,1.0,1.0,0.4,1.0,0.09999999999999998,1.0,1.0,0.0,0.7075739138781738,0.021601392599774553,0.034105777740478516,0
5,Best food places in India,generic,broad,no_personalization,1.0,0.1,0.3,0.3,1.0,1.0,1.0,1.0,0.4,0.6,0.15999999999999998,0.0,0.6666666666666666,0.0,0.6574953965890098,0.03632353376788196,0.03199148178100586,0
6,Best nature places in India,generic,broad,no_personalization,1.0,0.1,0.28,0.28,1.0,1.0,1.0,1.0,0.6,0.7,0.11999999999999997,1.0,1.0,0.0,0.6439418618696153,0.11752244453712714,0.039275169372558594,0
7,Best photography places in India,generic,broad,no_personalization,1.0,0.21739130434782608,0.6521739130434783,0.6521739130434783,1.0,1.0,1.0,1.0,0.6,0.6,0.24000000000000005,1.0,1.0,0.0,0.751776248974684,0.06439267941005257,0.03299856185913086,0
8,Best spiritual places in India,generic,broad,no_personalization,1.0,0.1,0.3,0.3,1.0,1.0,1.0,1.0,0.6,0.8,0.13999999999999996,1.0,1.0,0.0,0.648955756545487,0.03956476601865701,0.03414487838745117,0
9,Best wellness places in India,generic,broad,no_personalization,0.6,1.0,1.0,1.0,1.0,1.0,1.0,1.0,0.6,0.8,0.22000000000000003,1.0,0.6,0.4,0.6842016069606502,0.21199966897471556,0.033255577087402344,1
10,Best wildlife places in India,generic,broad,no_personalization,1.0,0.1,0.3,0.3,1.0,1.0,1.0,1.0,0.6,0.6,0.09999999999999998,1.0,1.0,0.0,0.7192164731254156,0.11184854682230791,0.03279399871826172,0
11,Top attractions in North,generic,city,no_personalization,1.0,0.4166666666666667,1.0,1.0,1.0,1.0,1.0,1.0,0.4,0.4,0.15999999999999998,1.0,1.0,0.0,0.942845141385894,0.030166792002622535,0.03622031211853027,0
12,Top attractions in South,generic,city,no_personalization,1.0,0.45454545454545453,1.0,1.0,1.0,1.0,1.0,1.0,0.8,0.8,0.27999999999999997,1.0,1.0,0.0,0.9483199612234324,0.011400227929551381,0.03767728805541992,0
13,Top attractions in West,generic,city,no_personalization,1.0,0.22727272727272727,0.6818181818181818,0.6818181818181818,1.0,1.0,1.0,1.0,0.2,0.9,0.28,1.0,1.0,0.0,0.9124453252374402,0.009509327270602384,0.03573012351989746,0
14,Top attractions in East/Northeast,generic,city,no_personalization,1.0,0.08333333333333333,0.25,0.25,1.0,1.0,1.0,1.0,0.2,0.5,0.26,1.0,1.0,0.0,0.9750167045416532,0.021335221637942742,0.036421775817871094,0
15,Top attractions in Central,generic,city,no_personalization,0.8,1.0,1.0,1.0,1.0,1.0,1.0,1.0,0.4,0.9,0.3,1.0,0.9,0.0,0.8580452753008135,0.14096446470513663,0.039270877838134766,0
16,Best beach destinations in India,generic,broad,no_personalization,1.0,0.1,0.28,0.28,1.0,1.0,1.0,1.0,0.8,0.6,0.26000000000000006,1.0,1.0,0.0,0.919445100716451,0.041568961205216706,0.028333663940429688,0
17,Top heritage and historical places in India,generic,broad,no_personalization,1.0,0.1,0.26,0.26,1.0,1.0,1.0,1.0,0.4,1.0,0.09999999999999998,1.0,1.0,0.0,0.8282560132371636,0.023912303493734452,0.03826093673706055,0
18,Best hill stations in India,generic,broad,no_personalization,1.0,0.1,0.24,0.24,1.0,1.0,1.0,1.0,0.6,0.8,0.07999999999999999,1.0,0.0,0.0,0.5890705195492909,0.025868000897205184,0.03729987144470215,0
19,Top spiritual destinations in India,generic,broad,no_personalization,1.0,0.1,0.3,0.3,1.0,1.0,1.0,1.0,0.6,0.8,0.13999999999999996,1.0,1.0,0.0,0.7840706639979652,0.03918247835293054,0.03468751907348633,0
20,Best wildlife and nature destinations in India,generic,broad,no_personalization,1.0,0.1,0.28,0.28,1.0,1.0,1.0,1.0,0.8,0.3,0.09999999999999998,1.0,1.0,0.0,0.8601823112625395,0.07361833821715805,0.037230491638183594,0
21,Top museums and monuments in India,generic,broad,no_personalization,0.8,0.08,0.24,0.24,0.7937848435747735,1.0,0.6433333333333333,1.0,0.6,0.8,0.15999999999999998,1.0,0.0,0.0,0.5783592301810538,0.007363486070359636,0.037967681884765625,0
22,Best places to visit in Hawa Mahal,generic,city,no_personalization,1.0,0.012853470437017995,0.038560411311053984,0.038560411311053984,0.9636840788872965,1.0,1.0,1.0,0.6,0.9,0.09999999999999998,1.0,0.5,0.0,0.5932335431526202,0.005909509483449792,0.04415011405944824,0
23,Best places to visit in Deekshabhoomi,generic,city,no_personalization,1.0,0.012853470437017995,0.038560411311053984,0.038560411311053984,1.0,1.0,1.0,1.0,0.6,1.0,0.07999999999999999,1.0,0.5,0.0,0.6049644006444558,0.024439416565578628,0.04234766960144043,0
24,Best places to visit in Ram-Raja,generic,city,no_personalization,1.0,0.012853470437017995,0.038560411311053984,0.038560411311053984,0.9636840788872965,1.0,1.0,1.0,0.6,0.9,0.09999999999999998,1.0,0.5,0.0,0.5913753451487677,0.004421052431157298,0.041723012924194336,0
25,Best places to visit in Matangeshwar Temple,generic,city,no_personalization,1.0,0.038461538461538464,0.11538461538461539,0.11538461538461539,1.0,1.0,1.0,1.0,0.6,0.6,0.15999999999999998,1.0,0.75,0.0,0.6085207500591527,0.01720637039453865,0.03946661949157715,0
26,Best places to visit in Barakhamba's Tomb,generic,city,no_personalization,1.0,0.012853470437017995,0.038560411311053984,0.038560411311053984,0.9636840788872965,1.0,1.0,1.0,0.6,0.9,0.09999999999999998,1.0,0.5,0.0,0.5960208985194466,0.007934490750960265,0.04408740997314453,0
27,Best places to visit in Munnar,generic,city,no_personalization,0.2,1.0,1.0,1.0,1.0,1.0,1.0,1.0,0.8,0.5,0.15999999999999998,1.0,0.6,0.0,0.5278392242654388,0.23634237085029097,0.03673505783081055,0
28,Best places to visit in Marina Beach,generic,city,no_personalization,1.0,0.08620689655172414,0.25862068965517243,0.25862068965517243,1.0,1.0,1.0,1.0,0.6,0.9,0.2,1.0,0.75,0.0,0.6601760759112032,0.0032734656964048736,0.03146767616271973,0
29,Best places to visit in Gateway of India,generic,city,no_personalization,1.0,0.012853470437017995,0.038560411311053984,0.038560411311053984,0.9793244947953805,1.0,1.0,1.0,0.6,0.6,0.07999999999999999,1.0,0.5,0.0,0.5851870806132029,0.010825923716021719,0.04039406776428223,0
30,Best places to visit in Qutub Minar,generic,city,no_personalization,1.0,0.012853470437017995,0.038560411311053984,0.038560411311053984,0.9818420394436483,1.0,1.0,1.0,0.6,0.9,0.07999999999999999,1.0,0.5,0.0,0.5963030426783628,0.005209778174665743,0.043744802474975586,0
31,Best places to visit in Red Fort,generic,city,no_personalization,1.0,0.02262443438914027,0.06787330316742081,0.06787330316742081,1.0,1.0,1.0,1.0,0.4,0.9,0.09999999999999998,1.0,0.75,0.0,0.6561804723570432,0.061250717601707,0.03975653648376465,0
32,Best places to visit in Golden Temple,generic,city,no_personalization,1.0,0.038461538461538464,0.11538461538461539,0.11538461538461539,1.0,1.0,1.0,1.0,0.4,0.7,0.15999999999999998,1.0,0.75,0.0,0.6230202687939675,0.0317954402375776,0.039618730545043945,0
33,Best places to visit in Mysore Palace,generic,city,no_personalization,1.0,0.012853470437017995,0.038560411311053984,0.038560411311053984,0.9636840788872965,1.0,1.0,1.0,0.4,1.0,0.09999999999999998,1.0,0.5,0.0,0.5943497936791757,0.006784592626501029,0.04395627975463867,0
34,Best places to visit in Charminar,generic,city,no_personalization,1.0,0.012853470437017995,0.038560411311053984,0.038560411311053984,1.0,1.0,1.0,1.0,0.6,0.9,0.07999999999999999,1.0,0.5,0.0,0.6019978901726966,0.017608001221659206,0.04173898696899414,0
35,Best places to visit in Hampi,generic,city,no_personalization,0.2,1.0,1.0,1.0,1.0,1.0,1.0,1.0,0.6,0.7,0.15999999999999998,1.0,0.6,0.0,0.520096621921221,0.2401563372973409,0.0397341251373291,0
36,Best places to visit in Ellora Caves,generic,city,no_personalization,1.0,0.012853470437017995,0.038560411311053984,0.038560411311053984,0.896087325958425,1.0,1.0,1.0,0.4,0.9,0.18,1.0,0.5,0.0,0.5916600712041736,0.006219358727275482,0.042791128158569336,0
37,Best places to visit in Konark Sun Temple,generic,city,no_personalization,1.0,0.038461538461538464,0.11538461538461539,0.11538461538461539,1.0,1.0,1.0,1.0,0.6,0.7,0.15999999999999998,1.0,0.75,0.0,0.599437956555154,0.019432982065570432,0.03872513771057129,0
38,Best places to visit in Jagannath Temple,generic,city,no_personalization,1.0,0.038461538461538464,0.11538461538461539,0.11538461538461539,1.0,1.0,1.0,1.0,0.4,0.9,0.18,1.0,0.75,0.0,0.6101093842509641,0.014665740424900268,0.03863334655761719,0
39,Best places to visit in Radhanagar Beach,generic,city,no_personalization,1.0,0.08620689655172414,0.25862068965517243,0.25862068965517243,1.0,1.0,1.0,1.0,0.4,0.9,0.15999999999999998,1.0,0.75,0.0,0.6661723284870693,0.0612124936271084,0.03334951400756836,0
40,Best places to visit in Varkala Beach,generic,city,no_personalization,1.0,0.08620689655172414,0.25862068965517243,0.25862068965517243,1.0,1.0,1.0,1.0,0.6,1.0,0.22000000000000003,1.0,0.75,0.0,0.648171475124925,0.05607860795173866,0.03231549263000488,0
41,Best places to visit in Darjeeling,generic,city,no_personalization,0.8,1.0,1.0,1.0,1.0,1.0,1.0,1.0,0.4,0.7,0.22000000000000003,1.0,0.9,0.0,0.8732091035219968,0.22580682548631342,0.03868746757507324,0
42,Best places to visit in Ooty,generic,city,no_personalization,0.2,1.0,1.0,1.0,1.0,1.0,1.0,1.0,0.8,0.5,0.18,1.0,0.6,0.0,0.524616291215353,0.23790352370503448,0.03806591033935547,0
43,Best places to visit in Madame Tussaud’s Museum,generic,city,no_personalization,1.0,0.02262443438914027,0.06787330316742081,0.06787330316742081,1.0,1.0,1.0,1.0,0.4,0.9,0.09999999999999998,1.0,0.75,0.0,0.615471891638036,0.0050302247299706185,0.04322695732116699,0
44,Best places to visit in B M Birla Science Museum,generic,city,no_personalization,1.0,0.02262443438914027,0.06787330316742081,0.06787330316742081,1.0,1.0,1.0,1.0,0.4,0.9,0.11999999999999997,1.0,0.75,0.0,0.6105046591597693,0.005594292492787776,0.04506349563598633,0
45,Best places to visit in City Palace Jaipur,generic,city,no_personalization,1.0,0.012853470437017995,0.038560411311053984,0.038560411311053984,0.986596874045655,1.0,1.0,1.0,0.6,0.9,0.07999999999999999,1.0,0.5,0.0,0.5917804409453769,0.004494405438011424,0.04138755798339844,0
46,Best places to visit in Agra Fort,generic,city,no_personalization,1.0,0.02262443438914027,0.06787330316742081,0.06787330316742081,1.0,1.0,1.0,1.0,0.4,1.0,0.09999999999999998,1.0,0.75,0.0,0.6579239925474315,0.09363624225064061,0.04150128364562988,0
47,Best places to visit in Kaziranga National Park,generic,city,no_personalization,1.0,0.046296296296296294,0.1388888888888889,0.1388888888888889,1.0,1.0,1.0,1.0,0.8,0.3,0.09999999999999998,1.0,0.75,0.0,0.6628612830122542,0.09237554111505161,0.03793525695800781,0
48,Best places to visit in Joshi's Museum of Miniature Railways,generic,city,no_personalization,1.0,0.02252252252252252,0.06756756756756757,0.06756756756756757,1.0,1.0,1.0,1.0,0.6,0.9,0.25999999999999995,1.0,0.7,0.0,0.6117196920401768,0.031224196036465438,0.041962385177612305,0
49,Best places to visit in Shanker's International Doll Museum,generic,city,no_personalization,1.0,0.02262443438914027,0.06787330316742081,0.06787330316742081,1.0,1.0,1.0,1.0,0.4,0.9,0.09999999999999998,1.0,0.75,0.0,0.6204276544512419,0.011369618942822894,0.04187965393066406,0
50,Best places to visit in Sree Chithra Art Gallery,generic,city,no_personalization,1.0,0.012853470437017995,0.038560411311053984,0.038560411311053984,0.9636840788872965,1.0,1.0,1.0,0.8,0.9,0.09999999999999998,1.0,0.5,0.0,0.591183494404596,0.007762319388180575,0.04165220260620117,0
51,Best places to visit in Lalbhai Dalpatbhai Museum,generic,city,no_personalization,1.0,0.02262443438914027,0.06787330316742081,0.06787330316742081,1.0,1.0,1.0,1.0,0.4,0.9,0.09999999999999998,1.0,0.75,0.0,0.612242805966539,0.00520872757232278,0.04347801208496094,0
52,Best places to visit in Bangalore Palace,generic,city,no_personalization,1.0,0.012853470437017995,0.038560411311053984,0.038560411311053984,0.9636840788872965,1.0,1.0,1.0,0.6,0.8,0.09999999999999998,1.0,0.5,0.0,0.5959700040754601,0.005676117097474262,0.04230833053588867,0
53,Best places to visit in Fatehpur Sikri,generic,city,no_personalization,0.2,1.0,1.0,1.0,1.0,1.0,1.0,1.0,0.6,0.7,0.13999999999999999,1.0,0.6,0.0,0.5173518817007432,0.2414741070208989,0.05505204200744629,0
54,Best places to visit in Lalbagh Botanical Garden,generic,city,no_personalization,1.0,0.012853470437017995,0.038560411311053984,0.038560411311053984,1.0,1.0,1.0,1.0,0.6,0.9,0.07999999999999999,1.0,0.5,0.0,0.5944737112830688,0.006455777358167497,0.06613016128540039,0
55,Best places to visit in Cubbon Park,generic,city,no_personalization,1.0,0.012853470437017995,0.038560411311053984,0.038560411311053984,1.0,1.0,1.0,1.0,0.4,0.8,0.07999999999999999,1.0,0.5,0.0,0.5945127569636645,0.007591919939908908,0.05906033515930176,0
56,Best places to visit in Sri Venkateswara Zoological Park,generic,city,no_personalization,1.0,0.012853470437017995,0.038560411311053984,0.038560411311053984,0.9818420394436483,1.0,1.0,1.0,0.4,0.9,0.07999999999999999,1.0,0.5,0.0,0.5956297986898792,0.007396139639562516,0.05886077880859375,0
57,Best places to visit in Ranthambore National Park,generic,city,no_personalization,1.0,0.046296296296296294,0.1388888888888889,0.1388888888888889,1.0,1.0,1.0,1.0,0.6,0.8,0.11999999999999997,1.0,0.75,0.0,0.6202371045968788,0.046511461042057244,0.05070018768310547,0
58,Best places to visit in Meenakshi Temple,generic,city,no_personalization,1.0,0.038461538461538464,0.11538461538461539,0.11538461538461539,1.0,1.0,1.0,1.0,0.4,0.7,0.15999999999999998,1.0,0.75,0.0,0.6061909858281849,0.01352721540805691,0.03917670249938965,0
59,Best places to visit in Nainital,generic,city,no_personalization,0.8,1.0,1.0,1.0,1.0,1.0,1.0,1.0,0.4,0.8,0.25999999999999995,1.0,0.9,0.0,0.8583933622688592,0.21341810647941548,0.03708457946777344,0
60,"Best places to visit in War Memorial, Batasia Loop",generic,city,no_personalization,1.0,0.012853470437017995,0.038560411311053984,0.038560411311053984,0.9793244947953805,1.0,1.0,1.0,0.6,0.9,0.07999999999999999,1.0,0.5,0.0,0.5946039125984155,0.0007997685161139744,0.043274879455566406,0
61,Best places to visit in Elephanta Caves,generic,city,no_personalization,1.0,0.012853470437017995,0.038560411311053984,0.038560411311053984,0.9324032470711285,1.0,1.0,1.0,0.6,1.0,0.13999999999999999,1.0,0.5,0.0,0.5825927028900979,0.007041286091360536,0.04091811180114746,0
62,Best places to visit in Gandhi Ninaivu Arungatchiyagam,generic,city,no_personalization,1.0,0.012853470437017995,0.038560411311053984,0.038560411311053984,0.9636840788872965,1.0,1.0,1.0,0.8,0.9,0.09999999999999998,1.0,0.5,0.0,0.5912103415996545,0.007800983993629936,0.042557477951049805,0
63,Best places to visit in Gangotri,generic,city,no_personalization,0.2,1.0,1.0,1.0,1.0,1.0,1.0,1.0,0.6,0.4,0.22000000000000003,1.0,0.6,0.0,0.5224666341923598,0.23910079025540334,0.03635358810424805,0
64,Best places to visit in Doss & Co.,generic,city,no_personalization,1.0,0.012853470437017995,0.038560411311053984,0.038560411311053984,0.971902167940485,1.0,1.0,1.0,0.6,0.7,0.12,1.0,0.5,0.0,0.6044580688240446,0.021545428513854062,0.042153120040893555,0
65,Best places to visit in Buland Darwaza,generic,city,no_personalization,1.0,0.012853470437017995,0.038560411311053984,0.038560411311053984,0.9636840788872965,1.0,1.0,1.0,0.6,0.9,0.09999999999999998,1.0,0.5,0.0,0.5950371665721081,0.007056615078048188,0.04358839988708496,0
66,Best places to visit in Jasmalnathji Mahadev Temple,generic,city,no_personalization,1.0,0.038461538461538464,0.11538461538461539,0.11538461538461539,1.0,1.0,1.0,1.0,0.6,0.7,0.15999999999999998,1.0,0.75,0.0,0.6063967921532368,0.018747822376128903,0.03954577445983887,0
67,Best places to visit in Kerala Soil Museum,generic,city,no_personalization,1.0,0.02262443438914027,0.06787330316742081,0.06787330316742081,1.0,1.0,1.0,1.0,0.6,1.0,0.09999999999999998,1.0,0.75,0.0,0.6067209326927893,0.0069893778050937015,0.0447239875793457,0
68,Best places to visit in Gauribidanuru,generic,city,no_personalization,1.0,0.012853470437017995,0.038560411311053984,0.038560411311053984,0.971902167940485,1.0,1.0,1.0,0.8,0.6,0.12,1.0,0.5,0.0,0.6029234504228864,0.02510426159211664,0.04412126541137695,0
69,Best places to visit in Rupnagar,generic,city,no_personalization,0.2,1.0,1.0,1.0,1.0,1.0,1.0,1.0,0.8,0.8,0.22000000000000003,1.0,0.6,0.0,0.607900329768789,0.19914559763581008,0.04003190994262695,0
70,Best places to visit in Amarkantak,generic,city,no_personalization,1.0,0.012853470437017995,0.038560411311053984,0.038560411311053984,0.9636840788872965,1.0,1.0,1.0,0.6,1.0,0.12,1.0,0.5,0.0,0.606208500666345,0.023891150270559446,0.042441368103027344,0
71,Best places to visit in Sohra (Cherrapunji),generic,city,no_personalization,1.0,0.012853470437017995,0.038560411311053984,0.038560411311053984,0.9793244947953805,1.0,1.0,1.0,0.6,0.9,0.07999999999999999,1.0,0.5,0.0,0.5922986679778106,0.008083745554843246,0.042334794998168945,0
72,Best places to visit in Shillong,generic,city,no_personalization,0.2,1.0,1.0,1.0,1.0,1.0,1.0,1.0,0.8,0.8,0.22000000000000003,1.0,0.6,0.0,0.5203491353262304,0.240764221550651,0.03760075569152832,0
73,Best places to visit in Triumph of Labour,generic,city,no_personalization,1.0,0.012853470437017995,0.038560411311053984,0.038560411311053984,1.0,1.0,1.0,1.0,0.6,0.7,0.07999999999999999,1.0,0.5,0.0,0.5985328063144567,0.022144125089029347,0.04124808311462402,0
74,Best places to visit in Sanskar Kendra,generic,city,no_personalization,1.0,0.012853470437017995,0.038560411311053984,0.038560411311053984,1.0,1.0,1.0,1.0,0.6,1.0,0.07999999999999999,1.0,0.5,0.0,0.5970588390335552,0.009391294163974762,0.04291701316833496,0
75,Best places to visit in Indo-Portuguese Museum,generic,city,no_personalization,1.0,0.02262443438914027,0.06787330316742081,0.06787330316742081,1.0,1.0,1.0,1.0,0.6,0.8,0.11999999999999997,1.0,0.75,0.0,0.6522341226518813,0.04370407990645526,0.039766788482666016,0
76,Best places to visit in Jamali Kamali Tomb,generic,city,no_personalization,1.0,0.012853470437017995,0.038560411311053984,0.038560411311053984,0.9636840788872965,1.0,1.0,1.0,0.6,0.9,0.09999999999999998,1.0,0.5,0.0,0.594239416976592,0.006272653378391621,0.043699026107788086,0
77,Best places to visit in Kerala Museum,generic,city,no_personalization,1.0,0.02262443438914027,0.06787330316742081,0.06787330316742081,1.0,1.0,1.0,1.0,0.6,1.0,0.09999999999999998,1.0,0.75,0.0,0.6067209326927893,0.0069893778050937015,0.0437467098236084,0
78,Best places to visit in Iron Pillar,generic,city,no_personalization,1.0,0.012853470437017995,0.038560411311053984,0.038560411311053984,0.9636840788872965,1.0,1.0,1.0,0.6,1.0,0.09999999999999998,1.0,0.5,0.0,0.5873257314677296,0.007991368307438197,0.040204763412475586,0
79,Best places to visit in Guwahati Planetarium,generic,city,no_personalization,1.0,0.012853470437017995,0.038560411311053984,0.038560411311053984,0.9793244947953805,1.0,1.0,1.0,0.6,0.8,0.07999999999999999,1.0,0.5,0.0,0.5929471285021497,0.006565163718511102,0.04341530799865723,0
80,Best places to visit in Tomb of Abdul Rahim Khan-i-Khanan,generic,city,no_personalization,1.0,0.012853470437017995,0.038560411311053984,0.038560411311053984,0.8184203944364827,1.0,1.0,1.0,0.4,1.0,0.18,1.0,0.5,0.0,0.5978372297066705,0.005405506152254653,0.042777061462402344,0
81,Best places to visit in Chhota Qutub Minar,generic,city,no_personalization,1.0,0.012853470437017995,0.038560411311053984,0.038560411311053984,0.986596874045655,1.0,1.0,1.0,0.6,0.9,0.07999999999999999,1.0,0.5,0.0,0.5948405320920236,0.005869570347920012,0.04277777671813965,0
82,I need family-friendly places in Ajitgarh,personal,city,no_personalization,1.0,0.040983606557377046,0.12295081967213115,0.12295081967213115,1.0,1.0,1.0,1.0,0.6,0.9,0.18,1.0,0.6666666666666666,0.0,0.5862194277462249,0.015470528206080178,0.03578758239746094,0
83,Suggest a budget trip for me in Ajitgarh,personal,city,no_personalization,1.0,0.012853470437017995,0.03598971722365039,0.03598971722365039,0.5353800438262759,1.0,1.0,1.0,0.8,0.8,0.5,0.0,0.3333333333333333,1.0,0.36951191609367734,0.015404396864046039,0.04446291923522949,0
84,My parents need easy-access attractions in Ajitgarh,personal,city,no_personalization,1.0,0.02252252252252252,0.06756756756756757,0.06756756756756757,1.0,1.0,1.0,1.0,0.4,1.1,0.09999999999999998,1.0,0.8,0.0,0.6996550254784952,0.07601826957041566,0.03938937187194824,0
85,I want nature and photography spots in Ajitgarh,personal,city,no_personalization,1.0,0.022935779816513763,0.06880733944954129,0.06880733944954129,1.0,1.0,1.0,1.0,0.6,0.6,0.18,1.0,0.6666666666666666,0.0,0.6018789115084818,0.009048610414332817,0.04025578498840332,0
86,I need family-friendly places in Ashoka Pillar,personal,city,no_personalization,1.0,0.040983606557377046,0.12295081967213115,0.12295081967213115,1.0,1.0,1.0,1.0,0.8,0.8,0.13999999999999996,1.0,0.6666666666666666,0.0,0.595294880414736,0.014078510442661821,0.036298274993896484,0
87,Suggest a budget trip for me in Ashoka Pillar,personal,city,no_personalization,1.0,0.012853470437017995,0.03598971722365039,0.03598971722365039,0.5353800438262759,1.0,1.0,1.0,0.8,0.8,0.5,0.0,0.3333333333333333,1.0,0.3946583512712822,0.058046450689973474,0.045233964920043945,0
88,My parents need easy-access attractions in Ashoka Pillar,personal,city,no_personalization,1.0,0.02252252252252252,0.06756756756756757,0.06756756756756757,1.0,1.0,1.0,1.0,0.6,1.0,0.11999999999999997,1.0,0.8,0.0,0.6280252026255665,0.01852058815489704,0.04068779945373535,0
89,I want nature and photography spots in Ashoka Pillar,personal,city,no_personalization,1.0,0.022935779816513763,0.06422018348623854,0.06422018348623854,1.0,1.0,1.0,1.0,0.8,0.7,0.11999999999999997,1.0,0.6666666666666666,0.0,0.5996989555334924,0.0014556445899543329,0.04267239570617676,1
90,I need family-friendly places in Calico Textile Museum,personal,city,no_personalization,1.0,0.040983606557377046,0.12295081967213115,0.12295081967213115,1.0,1.0,1.0,1.0,0.8,1.0,0.15999999999999998,1.0,0.6666666666666666,0.0,0.5999117249935322,0.006586071172902288,0.03830146789550781,0
91,Suggest a budget trip for me in Calico Textile Museum,personal,city,no_personalization,1.0,0.13513513513513514,0.40540540540540543,0.40540540540540543,1.0,1.0,1.0,1.0,0.6,0.7,0.5,0.0,0.6,0.0,0.590269578253876,0.011927052256763196,0.04021883010864258,0
92,My parents need easy-access attractions in Calico Textile Museum,personal,city,no_personalization,1.0,0.01773049645390071,0.05319148936170213,0.05319148936170213,1.0,1.0,1.0,1.0,0.4,0.8,0.11999999999999997,1.0,0.8,0.0,0.6764031332880608,0.01749430930831817,0.037590742111206055,0
93,I want nature and photography spots in Calico Textile Museum,personal,city,no_personalization,1.0,0.022935779816513763,0.06422018348623854,0.06422018348623854,1.0,1.0,1.0,1.0,0.8,0.7,0.11999999999999997,1.0,0.6666666666666666,0.0,0.5847046116697148,0.014731433972477257,0.043998003005981445,0
94,I need family-friendly places in Vintage and Classic Car Collection,personal,city,no_personalization,1.0,0.040983606557377046,0.12295081967213115,0.12295081967213115,1.0,1.0,1.0,1.0,0.8,0.8,0.15999999999999998,1.0,0.6666666666666666,0.0,0.5992553266775978,0.035279696612862184,0.0375363826751709,0
95,Suggest a budget trip for me in Vintage and Classic Car Collection,personal,city,no_personalization,1.0,0.012853470437017995,0.038560411311053984,0.038560411311053984,0.5353800438262759,1.0,1.0,1.0,0.8,0.7,0.5,0.0,0.3333333333333333,1.0,0.36762085822077467,0.012977845612970242,0.04605889320373535,0
96,My parents need easy-access attractions in Vintage and Classic Car Collection,personal,city,no_personalization,1.0,0.02252252252252252,0.06756756756756757,0.06756756756756757,1.0,1.0,1.0,1.0,0.6,1.0,0.09999999999999998,1.0,0.8,0.0,0.6535365915025446,0.03543945008111988,0.040650367736816406,0
97,I want nature and photography spots in Vintage and Classic Car Collection,personal,city,no_personalization,1.0,0.022935779816513763,0.06880733944954129,0.06880733944954129,1.0,1.0,1.0,1.0,0.6,0.6,0.15999999999999998,1.0,0.6666666666666666,0.0,0.6001036759258789,0.007982806026444673,0.0435948371887207,0
98,I need family-friendly places in Kurukshetra Panorama and Science Centre,personal,city,no_personalization,1.0,0.040983606557377046,0.12295081967213115,0.12295081967213115,1.0,1.0,1.0,1.0,1.0,0.7,0.15999999999999998,1.0,0.6666666666666666,0.0,0.5889046901367309,0.00819241605750945,0.03702068328857422,0
99,Suggest a budget trip for me in Kurukshetra Panorama and Science Centre,personal,city,no_personalization,1.0,0.012853470437017995,0.038560411311053984,0.038560411311053984,0.5353800438262759,1.0,1.0,1.0,0.8,0.7,0.5,0.0,0.3333333333333333,1.0,0.36231551956492924,0.005126480879514153,0.04611039161682129,0
100,My parents need easy-access attractions in Kurukshetra Panorama and Science Centre,personal,city,no_personalization,1.0,0.02252252252252252,0.06756756756756757,0.06756756756756757,1.0,1.0,1.0,1.0,0.4,1.1,0.09999999999999998,1.0,0.8,0.0,0.6261661922977402,0.018198693250261747,0.04083728790283203,0
101,I want nature and photography spots in Kurukshetra Panorama and Science Centre,personal,city,no_personalization,1.0,0.022935779816513763,0.05963302752293578,0.05963302752293578,1.0,1.0,1.0,1.0,0.6,0.7,0.09999999999999998,1.0,0.6666666666666666,0.0,0.5998866474861716,0.0040221887578963675,0.04604649543762207,2
102,I need family-friendly places in Chennai Railway Museum,personal,city,no_personalization,1.0,0.040983606557377046,0.12295081967213115,0.12295081967213115,1.0,1.0,1.0,1.0,0.6,1.0,0.15999999999999998,1.0,0.6666666666666666,0.0,0.591530728880814,0.004677124324488924,0.03840351104736328,0
103,Suggest a budget trip for me in Chennai Railway Museum,personal,city,no_personalization,1.0,0.13513513513513514,0.40540540540540543,0.40540540540540543,1.0,1.0,1.0,1.0,0.8,0.7,0.5,0.0,0.6,0.0,0.5783454891514017,0.0158474531728683,0.04040646553039551,0
104,My parents need easy-access attractions in Chennai Railway Museum,personal,city,no_personalization,1.0,0.01773049645390071,0.05319148936170213,0.05319148936170213,1.0,1.0,1.0,1.0,0.6,1.0,0.09999999999999998,1.0,0.8,0.0,0.680808075766026,0.032308625409417875,0.038281917572021484,0
105,I want nature and photography spots in Chennai Railway Museum,personal,city,no_personalization,1.0,0.022935779816513763,0.06422018348623854,0.06422018348623854,1.0,1.0,1.0,1.0,0.8,0.6,0.11999999999999997,1.0,0.6666666666666666,0.0,0.5964312030260573,0.00472805018260552,0.04552459716796875,0
106,I need family-friendly places in Kirtistambh,personal,city,no_personalization,1.0,0.040983606557377046,0.12295081967213115,0.12295081967213115,1.0,1.0,1.0,1.0,0.6,0.6,0.18,1.0,0.6666666666666666,0.0,0.5846705015409676,0.01720590314459719,0.03615236282348633,0
107,Suggest a budget trip for me in Kirtistambh,personal,city,no_personalization,1.0,0.012853470437017995,0.03598971722365039,0.03598971722365039,0.5353800438262759,1.0,1.0,1.0,0.8,0.8,0.5,0.0,0.3333333333333333,1.0,0.36829343031992745,0.014857903488542781,0.043889760971069336,0
108,My parents need easy-access attractions in Kirtistambh,personal,city,no_personalization,1.0,0.02252252252252252,0.06756756756756757,0.06756756756756757,1.0,1.0,1.0,1.0,0.4,1.1,0.09999999999999998,1.0,0.8,0.0,0.6999451455107351,0.07596784377705272,0.039482831954956055,0
109,I want nature and photography spots in Kirtistambh,personal,city,no_personalization,1.0,0.022935779816513763,0.06880733944954129,0.06880733944954129,1.0,1.0,1.0,1.0,0.6,0.6,0.15999999999999998,1.0,0.6666666666666666,0.0,0.603986495568036,0.006787745382879879,0.040712594985961914,0
110,I need family-friendly places in Gohilwad Timbo,personal,city,no_personalization,1.0,0.040983606557377046,0.12295081967213115,0.12295081967213115,1.0,1.0,1.0,1.0,0.8,0.8,0.19999999999999998,1.0,0.6666666666666666,0.0,0.5890402725879497,0.012442945768838377,0.035401105880737305,0
111,Suggest a budget trip for me in Gohilwad Timbo,personal,city,no_personalization,1.0,0.012853470437017995,0.03598971722365039,0.03598971722365039,0.5353800438262759,1.0,1.0,1.0,0.8,0.8,0.5,0.0,0.3333333333333333,1.0,0.36136080616957045,0.0013078365876345573,0.04489588737487793,0
112,My parents need easy-access attractions in Gohilwad Timbo,personal,city,no_personalization,1.0,0.02252252252252252,0.06756756756756757,0.06756756756756757,1.0,1.0,1.0,1.0,0.4,1.1,0.09999999999999998,1.0,0.8,0.0,0.7036840545128283,0.07736283551692394,0.039348602294921875,0
113,I want nature and photography spots in Gohilwad Timbo,personal,city,no_personalization,1.0,0.022935779816513763,0.06880733944954129,0.06880733944954129,1.0,1.0,1.0,1.0,0.6,0.6,0.18,1.0,0.6666666666666666,0.0,0.6018219274213419,0.00876503910509411,0.04170823097229004,0
114,I need family-friendly places in Borsad Stepwell,personal,city,no_personalization,1.0,0.040983606557377046,0.12295081967213115,0.12295081967213115,1.0,1.0,1.0,1.0,0.8,0.9,0.15999999999999998,1.0,0.6666666666666666,0.0,0.5848625355841036,0.013130150879459039,0.0355682373046875,0
115,Suggest a budget trip for me in Borsad Stepwell,personal,city,no_personalization,1.0,0.012853470437017995,0.03598971722365039,0.03598971722365039,0.5353800438262759,1.0,1.0,1.0,0.8,0.8,0.5,0.0,0.3333333333333333,1.0,0.36032850470126415,0.0013516455483545545,0.04442882537841797,0
116,My parents need easy-access attractions in Borsad Stepwell,personal,city,no_personalization,1.0,0.02252252252252252,0.06756756756756757,0.06756756756756757,1.0,1.0,1.0,1.0,0.4,1.1,0.09999999999999998,1.0,0.8,0.0,0.6391349747794097,0.028860777486102867,0.03950834274291992,0
117,I want nature and photography spots in Borsad Stepwell,personal,city,no_personalization,1.0,0.022935779816513763,0.06422018348623854,0.06422018348623854,1.0,1.0,1.0,1.0,0.6,0.7,0.09999999999999998,1.0,0.6666666666666666,0.0,0.6016371282321751,0.0023473429976644724,0.04250049591064453,1
118,I need family-friendly places in Talaja Caves,personal,city,no_personalization,1.0,0.040983606557377046,0.12295081967213115,0.12295081967213115,1.0,1.0,1.0,1.0,0.8,0.7,0.13999999999999996,1.0,0.6666666666666666,0.0,0.5959295038763487,0.009120154493977283,0.03613138198852539,0
119,Suggest a budget trip for me in Talaja Caves,personal,city,no_personalization,0.8,0.010282776349614395,0.033419023136246784,0.033419023136246784,0.49906412271357237,0.5,0.5433333333333333,1.0,1.0,0.8,0.52,0.0,0.3333333333333333,1.0,0.36757781026673975,0.01709591427299349,0.044989824295043945,0
120,My parents need easy-access attractions in Talaja Caves,personal,city,no_personalization,1.0,0.02252252252252252,0.06756756756756757,0.06756756756756757,1.0,1.0,1.0,1.0,0.6,1.0,0.09999999999999998,1.0,0.8,0.0,0.6381931191673009,0.02792585197361744,0.0388798713684082,0
121,I want nature and photography spots in Talaja Caves,personal,city,no_personalization,1.0,0.022935779816513763,0.06880733944954129,0.06880733944954129,1.0,1.0,1.0,1.0,0.8,0.7,0.11999999999999997,1.0,0.6666666666666666,0.0,0.5910974167645081,0.01763961285250514,0.04253673553466797,0
122,I need family-friendly places in Amritavarshini Vav,personal,city,no_personalization,1.0,0.040983606557377046,0.12295081967213115,0.12295081967213115,1.0,1.0,1.0,1.0,0.8,0.7,0.15999999999999998,1.0,0.6666666666666666,0.0,0.5982060365764392,0.00699695080241365,0.03611350059509277,0
123,Suggest a budget trip for me in Amritavarshini Vav,personal,city,no_personalization,1.0,0.012853470437017995,0.03598971722365039,0.03598971722365039,0.5353800438262759,1.0,1.0,1.0,0.8,0.7,0.5,0.0,0.3333333333333333,1.0,0.36715076325592133,0.004377633666865948,0.04565119743347168,0
124,My parents need easy-access attractions in Amritavarshini Vav,personal,city,no_personalization,1.0,0.02252252252252252,0.06756756756756757,0.06756756756756757,1.0,1.0,1.0,1.0,0.6,1.0,0.11999999999999997,1.0,0.8,0.0,0.6316286931966023,0.027676563007803884,0.04245281219482422,0
125,I want nature and photography spots in Amritavarshini Vav,personal,city,no_personalization,1.0,0.022935779816513763,0.06880733944954129,0.06880733944954129,1.0,1.0,1.0,1.0,0.8,0.7,0.11999999999999997,1.0,0.6666666666666666,0.0,0.6005598437609141,0.002429295222887941,0.042841434478759766,0
126,I need family-friendly places in Bhuchar Mori,personal,city,no_personalization,1.0,0.040983606557377046,0.12295081967213115,0.12295081967213115,1.0,1.0,1.0,1.0,0.8,0.7,0.18,1.0,0.6666666666666666,0.0,0.5859489540157731,0.019253831472358877,0.03565645217895508,0
127,Suggest a budget trip for me in Bhuchar Mori,personal,city,no_personalization,1.0,0.012853470437017995,0.033419023136246784,0.033419023136246784,0.5353800438262759,1.0,1.0,1.0,0.6,0.7,0.5,0.0,0.3333333333333333,1.0,0.36326598423887513,0.0017444893049434963,0.04365968704223633,0
128,My parents need easy-access attractions in Bhuchar Mori,personal,city,no_personalization,1.0,0.02252252252252252,0.06756756756756757,0.06756756756756757,1.0,1.0,1.0,1.0,0.4,1.1,0.09999999999999998,1.0,0.8,0.0,0.6991336152934645,0.07707588033080502,0.04021024703979492,0
129,I want nature and photography spots in Bhuchar Mori,personal,city,no_personalization,1.0,0.022935779816513763,0.06880733944954129,0.06880733944954129,1.0,1.0,1.0,1.0,0.6,0.6,0.18,1.0,0.6666666666666666,0.0,0.6008452531887599,0.010317706373073667,0.04210019111633301,0
130,"I need family-friendly places in Shiva temple, Kera",personal,city,no_personalization,1.0,0.03676470588235294,0.09558823529411764,0.09558823529411764,1.0,1.0,1.0,1.0,0.2,0.9,0.28,1.0,1.0,0.0,0.8273087577291973,0.011714780244172876,0.03557920455932617,2
131,"Suggest a budget trip for me in Shiva temple, Kera",personal,city,no_personalization,1.0,0.23809523809523808,0.3333333333333333,0.3333333333333333,1.0,1.0,1.0,1.0,0.4,0.8,0.4,0.0,0.6,0.0,0.5422281967657506,0.10477110875757895,0.037095069885253906,4
132,"My parents need easy-access attractions in Shiva temple, Kera",personal,city,no_personalization,1.0,0.019083969465648856,0.05725190839694656,0.05725190839694656,1.0,1.0,1.0,1.0,0.2,0.7,0.30000000000000004,1.0,0.8800000000000001,0.0,0.851299700404739,0.10302923924074063,0.037697792053222656,0
133,"I want nature and photography spots in Shiva temple, Kera",personal,city,no_personalization,1.0,0.021739130434782608,0.06521739130434782,0.06521739130434782,1.0,1.0,1.0,1.0,0.2,0.7,0.19999999999999998,1.0,1.0,0.0,0.7825244512510254,0.008272576556022836,0.03882479667663574,0
134,I need family-friendly places in Sahastralinga Tank,personal,city,no_personalization,1.0,0.040983606557377046,0.12295081967213115,0.12295081967213115,1.0,1.0,1.0,1.0,0.8,0.8,0.15999999999999998,1.0,0.6666666666666666,0.0,0.5928267026722874,0.00781077992285683,0.03644442558288574,0
135,Suggest a budget trip for me in Sahastralinga Tank,personal,city,no_personalization,1.0,0.012853470437017995,0.03598971722365039,0.03598971722365039,0.5353800438262759,1.0,1.0,1.0,0.8,0.8,0.5,0.0,0.3333333333333333,1.0,0.3656777936260244,0.005633908328000879,0.04606056213378906,0
136,My parents need easy-access attractions in Sahastralinga Tank,personal,city,no_personalization,1.0,0.02252252252252252,0.06756756756756757,0.06756756756756757,1.0,1.0,1.0,1.0,0.6,1.0,0.11999999999999997,1.0,0.8,0.0,0.6643524672895762,0.056443240360496236,0.03996682167053223,0
137,I want nature and photography spots in Sahastralinga Tank,personal,city,no_personalization,1.0,0.022935779816513763,0.06880733944954129,0.06880733944954129,1.0,1.0,1.0,1.0,0.8,0.6,0.18,1.0,0.6666666666666666,0.0,0.5976718128874441,0.005001813513077822,0.044707298278808594,0
138,I need family-friendly places in Kadia Dungar caves,personal,city,no_personalization,1.0,0.040983606557377046,0.12295081967213115,0.12295081967213115,1.0,1.0,1.0,1.0,0.8,0.9,0.15999999999999998,1.0,0.6666666666666666,0.0,0.5793562275804337,0.009989752091185819,0.047582149505615234,0
139,Suggest a budget trip for me in Kadia Dungar caves,personal,city,no_personalization,0.8,0.010282776349614395,0.033419023136246784,0.033419023136246784,0.49906412271357237,0.5,0.5433333333333333,1.0,1.0,0.8,0.52,0.0,0.3333333333333333,1.0,0.3682227648965884,0.01837999443950351,0.057138681411743164,0
140,My parents need easy-access attractions in Kadia Dungar caves,personal,city,no_personalization,1.0,0.02252252252252252,0.06756756756756757,0.06756756756756757,1.0,1.0,1.0,1.0,0.6,1.0,0.09999999999999998,1.0,0.8,0.0,0.6400722752985188,0.029176626437409096,0.04217720031738281,0
141,I want nature and photography spots in Kadia Dungar caves,personal,city,no_personalization,1.0,0.022935779816513763,0.06880733944954129,0.06880733944954129,1.0,1.0,1.0,1.0,0.8,0.7,0.11999999999999997,1.0,0.6666666666666666,0.0,0.5907210257002333,0.018474695975076103,0.04308581352233887,0
142,I need family-friendly places in Brahma Kund,personal,city,no_personalization,1.0,0.040983606557377046,0.12295081967213115,0.12295081967213115,1.0,1.0,1.0,1.0,0.8,0.9,0.13999999999999996,1.0,0.6666666666666666,0.0,0.5971422047690773,0.00589499440691214,0.037809133529663086,0
143,Suggest a budget trip for me in Brahma Kund,personal,city,no_personalization,1.0,0.012853470437017995,0.03598971722365039,0.03598971722365039,0.5353800438262759,1.0,1.0,1.0,0.8,0.7,0.5,0.0,0.3333333333333333,1.0,0.39923247829371056,0.08004674706862851,0.04404306411743164,0
144,My parents need easy-access attractions in Brahma Kund,personal,city,no_personalization,1.0,0.02252252252252252,0.06756756756756757,0.06756756756756757,1.0,1.0,1.0,1.0,0.6,1.0,0.09999999999999998,1.0,0.8,0.0,0.6550454916034273,0.03339853983863288,0.03966164588928223,0
145,I want nature and photography spots in Brahma Kund,personal,city,no_personalization,1.0,0.022935779816513763,0.06880733944954129,0.06880733944954129,1.0,1.0,1.0,1.0,0.6,0.6,0.15999999999999998,1.0,0.6666666666666666,0.0,0.5994428973806629,0.008758861401297762,0.04105186462402344,0
146,I need family-friendly places in Jethabhai's Stepwell,personal,city,no_personalization,1.0,0.040983606557377046,0.12295081967213115,0.12295081967213115,1.0,1.0,1.0,1.0,0.8,0.8,0.19999999999999998,1.0,0.6666666666666666,0.0,0.5828663633807267,0.01091385207512511,0.03592252731323242,0
147,Suggest a budget trip for me in Jethabhai's Stepwell,personal,city,no_personalization,1.0,0.012853470437017995,0.03598971722365039,0.03598971722365039,0.5353800438262759,1.0,1.0,1.0,0.6,0.7,0.5,0.0,0.3333333333333333,1.0,0.367416557016392,0.012501595511010979,0.0452733039855957,0
148,My parents need easy-access attractions in Jethabhai's Stepwell,personal,city,no_personalization,1.0,0.02252252252252252,0.06756756756756757,0.06756756756756757,1.0,1.0,1.0,1.0,0.6,1.0,0.09999999999999998,1.0,0.8,0.0,0.6302200341095647,0.01624700630545269,0.04078936576843262,0
149,I want nature and photography spots in Jethabhai's Stepwell,personal,city,no_personalization,1.0,0.022935779816513763,0.06422018348623854,0.06422018348623854,1.0,1.0,1.0,1.0,0.8,0.7,0.11999999999999997,1.0,0.6666666666666666,0.0,0.6003718831894639,0.003295871281464726,0.04345202445983887,1
150,"I need family-friendly places in Rajgadhi Timbo, Umta",personal,city,no_personalization,1.0,0.040983606557377046,0.12295081967213115,0.12295081967213115,1.0,1.0,1.0,1.0,0.8,0.8,0.19999999999999998,1.0,0.6666666666666666,0.0,0.5874699262528488,0.013893985008853159,0.0369107723236084,0
151,"Suggest a budget trip for me in Rajgadhi Timbo, Umta",personal,city,no_personalization,1.0,0.012853470437017995,0.03598971722365039,0.03598971722365039,0.5353800438262759,1.0,1.0,1.0,0.6,0.8,0.5,0.0,0.3333333333333333,1.0,0.36635209917583766,0.009332535353031399,0.04592013359069824,0
152,"My parents need easy-access attractions in Rajgadhi Timbo, Umta",personal,city,no_personalization,1.0,0.02252252252252252,0.06756756756756757,0.06756756756756757,1.0,1.0,1.0,1.0,0.4,1.1,0.09999999999999998,1.0,0.8,0.0,0.6991180309716004,0.07682412660748575,0.03987431526184082,0
153,"I want nature and photography spots in Rajgadhi Timbo, Umta",personal,city,no_personalization,1.0,0.022935779816513763,0.06880733944954129,0.06880733944954129,1.0,1.0,1.0,1.0,0.6,0.6,0.2,1.0,0.6666666666666666,0.0,0.6044930855005495,0.005297141217555817,0.04139232635498047,0
154,I need family-friendly places in Mithivav,personal,city,no_personalization,1.0,0.040983606557377046,0.12295081967213115,0.12295081967213115,1.0,1.0,1.0,1.0,0.6,0.8,0.15999999999999998,1.0,0.6666666666666666,0.0,0.5916393184812764,0.011134173007641837,0.036202430725097656,0
155,Suggest a budget trip for me in Mithivav,personal,city,no_personalization,1.0,0.012853470437017995,0.038560411311053984,0.038560411311053984,0.5353800438262759,1.0,1.0,1.0,0.8,0.8,0.5,0.0,0.3333333333333333,1.0,0.3627625789314511,0.0011200340406894002,0.045630693435668945,0
156,My parents need easy-access attractions in Mithivav,personal,city,no_personalization,1.0,0.02252252252252252,0.06756756756756757,0.06756756756756757,1.0,1.0,1.0,1.0,0.4,1.1,0.09999999999999998,1.0,0.8,0.0,0.7035565092976246,0.0749917947996073,0.039910316467285156,0
157,I want nature and photography spots in Mithivav,personal,city,no_personalization,1.0,0.022935779816513763,0.06880733944954129,0.06880733944954129,1.0,1.0,1.0,1.0,0.6,0.6,0.18,1.0,0.6666666666666666,0.0,0.602062087358559,0.009064926402047885,0.041028499603271484,0
158,"I need family-friendly places in Shiva Temple, Bavka",personal,city,no_personalization,1.0,0.040983606557377046,0.12295081967213115,0.12295081967213115,1.0,1.0,1.0,1.0,0.8,0.8,0.15999999999999998,1.0,0.6666666666666666,0.0,0.5938248033165273,0.0030772738672121464,0.038275957107543945,0
159,"Suggest a budget trip for me in Shiva Temple, Bavka",personal,city,no_personalization,1.0,0.2777777777777778,0.7222222222222222,0.7222222222222222,1.0,1.0,1.0,1.0,1.0,0.5,0.54,0.0,0.6,0.0,0.5665128042988506,0.017508566685853027,0.03805375099182129,2
160,"My parents need easy-access attractions in Shiva Temple, Bavka",personal,city,no_personalization,1.0,0.01968503937007874,0.05905511811023622,0.05905511811023622,1.0,1.0,1.0,1.0,0.6,0.8,0.27999999999999997,1.0,0.8,0.0,0.7230312315557905,0.026988673922199568,0.03931236267089844,0
161,"I want nature and photography spots in Shiva Temple, Bavka",personal,city,no_personalization,1.0,0.022935779816513763,0.06880733944954129,0.06880733944954129,1.0,1.0,1.0,1.0,0.8,0.7,0.18,1.0,0.6666666666666666,0.0,0.5933487302078815,0.011184582444910293,0.045525312423706055,0
162,I need family-friendly places in Jahaz Mahal,personal,city,no_personalization,1.0,0.040983606557377046,0.12295081967213115,0.12295081967213115,1.0,1.0,1.0,1.0,0.8,0.7,0.15999999999999998,1.0,0.6666666666666666,0.0,0.5920083187620407,0.008587254541014333,0.037866830825805664,0
163,Suggest a budget trip for me in Jahaz Mahal,personal,city,no_personalization,1.0,0.012853470437017995,0.038560411311053984,0.038560411311053984,0.5353800438262759,1.0,1.0,1.0,0.8,0.8,0.5,0.0,0.3333333333333333,1.0,0.3809406442409927,0.041265194259751434,0.04357790946960449,0
164,My parents need easy-access attractions in Jahaz Mahal,personal,city,no_personalization,1.0,0.02252252252252252,0.06756756756756757,0.06756756756756757,1.0,1.0,1.0,1.0,0.4,1.1,0.09999999999999998,1.0,0.8,0.0,0.6599643637613843,0.03545036161674815,0.03981375694274902,0
165,I want nature and photography spots in Jahaz Mahal,personal,city,no_personalization,1.0,0.022935779816513763,0.06880733944954129,0.06880733944954129,1.0,1.0,1.0,1.0,0.8,0.5,0.13999999999999996,1.0,0.6666666666666666,0.0,0.5965629716084936,0.005337356350456922,0.04501986503601074,0
166,I need family-friendly places in Bapu Museum,personal,city,no_personalization,1.0,0.040983606557377046,0.12295081967213115,0.12295081967213115,1.0,1.0,1.0,1.0,0.6,1.0,0.11999999999999997,1.0,0.6666666666666666,0.0,0.5939815201938063,0.006363824548684009,0.03641486167907715,0
167,Suggest a budget trip for me in Bapu Museum,personal,city,no_personalization,1.0,0.13513513513513514,0.40540540540540543,0.40540540540540543,1.0,1.0,1.0,1.0,0.8,0.7,0.5,0.0,0.6,0.0,0.5660972050533389,0.012845463054562663,0.03952836990356445,0
168,My parents need easy-access attractions in Bapu Museum,personal,city,no_personalization,1.0,0.01773049645390071,0.05319148936170213,0.05319148936170213,1.0,1.0,1.0,1.0,0.4,0.9,0.09999999999999998,1.0,0.8,0.0,0.68442923259497,0.028079280602981614,0.03636574745178223,0
169,I want nature and photography spots in Bapu Museum,personal,city,no_personalization,1.0,0.022935779816513763,0.06880733944954129,0.06880733944954129,1.0,1.0,1.0,1.0,0.8,0.6,0.18,1.0,0.6666666666666666,0.0,0.598089122499515,0.009348178374846836,0.044680118560791016,0
170,I need family-friendly places in Jorasanko Thakur Bari,personal,city,no_personalization,1.0,0.040983606557377046,0.12295081967213115,0.12295081967213115,1.0,1.0,1.0,1.0,0.8,0.8,0.18,1.0,0.6666666666666666,0.0,0.5942169273158102,0.007727288134493362,0.03557586669921875,0
171,Suggest a budget trip for me in Jorasanko Thakur Bari,personal,city,no_personalization,1.0,0.012853470437017995,0.03598971722365039,0.03598971722365039,0.5353800438262759,1.0,1.0,1.0,0.6,0.9,0.5,0.0,0.3333333333333333,1.0,0.3747232054225779,0.0245431440819679,0.04521322250366211,0
172,My parents need easy-access attractions in Jorasanko Thakur Bari,personal,city,no_personalization,1.0,0.02252252252252252,0.06756756756756757,0.06756756756756757,1.0,1.0,1.0,1.0,0.4,1.1,0.09999999999999998,1.0,0.8,0.0,0.694093520989271,0.04865783308301967,0.04113316535949707,0
173,I want nature and photography spots in Jorasanko Thakur Bari,personal,city,no_personalization,1.0,0.022935779816513763,0.06880733944954129,0.06880733944954129,1.0,1.0,1.0,1.0,0.8,0.6,0.11999999999999997,1.0,0.6666666666666666,0.0,0.6019503097195553,0.013150880025388008,0.042861223220825195,0
174,I need family-friendly places in Chaunsath Yogini temple,personal,city,no_personalization,1.0,0.040983606557377046,0.12295081967213115,0.12295081967213115,1.0,1.0,1.0,1.0,0.8,0.9,0.13999999999999996,1.0,0.6666666666666666,0.0,0.5875000011326078,0.014462517227483386,0.037648916244506836,0
175,Suggest a budget trip for me in Chaunsath Yogini temple,personal,city,no_personalization,1.0,0.2777777777777778,0.7777777777777778,0.7777777777777778,1.0,1.0,1.0,1.0,0.8,0.6,0.54,0.0,0.6,0.0,0.5678019424918942,0.02350335854168829,0.03835868835449219,0
176,My parents need easy-access attractions in Chaunsath Yogini temple,personal,city,no_personalization,1.0,0.01968503937007874,0.05905511811023622,0.05905511811023622,1.0,1.0,1.0,1.0,0.6,0.8,0.24,1.0,0.8,0.0,0.7082877660759525,0.021348726453042595,0.03728294372558594,0
177,I want nature and photography spots in Chaunsath Yogini temple,personal,city,no_personalization,1.0,0.022935779816513763,0.06880733944954129,0.06880733944954129,1.0,1.0,1.0,1.0,0.8,0.9,0.18,1.0,0.6666666666666666,0.0,0.5771694043382628,0.015763807840884596,0.04437613487243652,0
178,"I need family-friendly places in National Fossil Wood Park, Tiruvakkarai",personal,city,no_personalization,1.0,0.040983606557377046,0.12295081967213115,0.12295081967213115,1.0,1.0,1.0,1.0,0.8,0.9,0.15999999999999998,1.0,0.6666666666666666,0.0,0.5910697770512672,0.010602860078816521,0.038889169692993164,0
179,"Suggest a budget trip for me in National Fossil Wood Park, Tiruvakkarai",personal,city,no_personalization,1.0,0.012853470437017995,0.03598971722365039,0.03598971722365039,0.5353800438262759,1.0,1.0,1.0,1.0,0.6,0.5,0.0,0.3333333333333333,1.0,0.40807549659141606,0.04659869936733003,0.04369091987609863,0
180,"My parents need easy-access attractions in National Fossil Wood Park, Tiruvakkarai",personal,city,no_personalization,1.0,0.02252252252252252,0.06756756756756757,0.06756756756756757,1.0,1.0,1.0,1.0,0.6,1.0,0.09999999999999998,1.0,0.8,0.0,0.6369486600751081,0.033804128156536745,0.04018449783325195,0
181,"I want nature and photography spots in National Fossil Wood Park, Tiruvakkarai",personal,city,no_personalization,1.0,0.022935779816513763,0.06880733944954129,0.06880733944954129,1.0,1.0,1.0,1.0,1.0,0.5,0.11999999999999997,1.0,0.6666666666666666,0.0,0.589547497694295,0.009997573735579275,0.041193485260009766,0
182,I need family-friendly places in Undavalli Caves,personal,city,no_personalization,1.0,0.040983606557377046,0.12295081967213115,0.12295081967213115,1.0,1.0,1.0,1.0,0.8,0.9,0.15999999999999998,1.0,0.6666666666666666,0.0,0.5832723484919052,0.01305079835457681,0.03751707077026367,0
183,Suggest a budget trip for me in Undavalli Caves,personal,city,no_personalization,0.8,0.010282776349614395,0.033419023136246784,0.033419023136246784,0.49906412271357237,0.5,0.5433333333333333,1.0,1.0,0.8,0.52,0.0,0.3333333333333333,1.0,0.364136850992562,0.010269815083355243,0.04528307914733887,0
184,My parents need easy-access attractions in Undavalli Caves,personal,city,no_personalization,1.0,0.02252252252252252,0.06756756756756757,0.06756756756756757,1.0,1.0,1.0,1.0,0.6,1.0,0.11999999999999997,1.0,0.8,0.0,0.6261537940165149,0.017216799588889435,0.04019641876220703,0
185,I want nature and photography spots in Undavalli Caves,personal,city,no_personalization,1.0,0.022935779816513763,0.06880733944954129,0.06880733944954129,1.0,1.0,1.0,1.0,0.8,0.7,0.11999999999999997,1.0,0.6666666666666666,0.0,0.5998357188788848,0.002610226734414777,0.04413938522338867,0
186,I need family-friendly places in Nariman Point,personal,city,no_personalization,1.0,0.040983606557377046,0.12295081967213115,0.12295081967213115,1.0,1.0,1.0,1.0,0.8,0.7,0.13999999999999996,1.0,0.6666666666666666,0.0,0.5836538563969883,0.019884302049685384,0.03631758689880371,0
187,Suggest a budget trip for me in Nariman Point,personal,city,no_personalization,1.0,0.012853470437017995,0.03598971722365039,0.03598971722365039,0.5353800438262759,1.0,1.0,1.0,0.6,0.9,0.5,0.0,0.3333333333333333,1.0,0.4151685095427847,0.08127196647834406,0.04468655586242676,0
188,My parents need easy-access attractions in Nariman Point,personal,city,no_personalization,1.0,0.02252252252252252,0.06756756756756757,0.06756756756756757,1.0,1.0,1.0,1.0,0.4,1.0,0.11999999999999997,1.0,0.8,0.0,0.6672885482811524,0.04979555458693797,0.04058670997619629,0
189,I want nature and photography spots in Nariman Point,personal,city,no_personalization,1.0,0.022935779816513763,0.06880733944954129,0.06880733944954129,1.0,1.0,1.0,1.0,0.8,0.6,0.11999999999999997,1.0,0.6666666666666666,0.0,0.5882805380236704,0.0162000412193815,0.043479204177856445,0
190,I need family-friendly places in Ambedkar Memorial,personal,city,no_personalization,1.0,0.040983606557377046,0.12295081967213115,0.12295081967213115,1.0,1.0,1.0,1.0,0.8,0.9,0.15999999999999998,1.0,0.6666666666666666,0.0,0.5878833469872646,0.016539416750945574,0.03647136688232422,0
191,Suggest a budget trip for me in Ambedkar Memorial,personal,city,no_personalization,1.0,0.012853470437017995,0.03598971722365039,0.03598971722365039,0.5353800438262759,1.0,1.0,1.0,0.8,0.7,0.5,0.0,0.3333333333333333,1.0,0.3641644765393088,0.003971610767346891,0.04385256767272949,0
192,My parents need easy-access attractions in Ambedkar Memorial,personal,city,no_personalization,1.0,0.02252252252252252,0.06756756756756757,0.06756756756756757,1.0,1.0,1.0,1.0,0.6,1.0,0.09999999999999998,1.0,0.8,0.0,0.6272657646638159,0.01910355483696885,0.03934121131896973,0
193,I want nature and photography spots in Ambedkar Memorial,personal,city,no_personalization,1.0,0.022935779816513763,0.06880733944954129,0.06880733944954129,1.0,1.0,1.0,1.0,0.8,0.5,0.13999999999999996,1.0,0.6666666666666666,0.0,0.5989868369620557,0.0018921004492195022,0.04567265510559082,0
194,I need family-friendly places in Snake Park,personal,city,no_personalization,1.0,0.040983606557377046,0.12295081967213115,0.12295081967213115,1.0,1.0,1.0,1.0,0.8,1.0,0.13999999999999996,1.0,0.6666666666666666,0.0,0.5940874573635274,0.008690178637853428,0.0385289192199707,0
195,Suggest a budget trip for me in Snake Park,personal,city,no_personalization,1.0,0.012853470437017995,0.038560411311053984,0.038560411311053984,0.5353800438262759,1.0,1.0,1.0,0.8,0.6,0.5,0.0,0.3333333333333333,1.0,0.39109323859566925,0.038679875879510266,0.04281330108642578,0
196,My parents need easy-access attractions in Snake Park,personal,city,no_personalization,1.0,0.02252252252252252,0.06756756756756757,0.06756756756756757,1.0,1.0,1.0,1.0,0.6,1.0,0.09999999999999998,1.0,0.8,0.0,0.6594351854721572,0.0744207929888084,0.039658308029174805,0
197,I want nature and photography spots in Snake Park,personal,city,no_personalization,1.0,0.022935779816513763,0.06880733944954129,0.06880733944954129,1.0,1.0,1.0,1.0,1.0,0.5,0.13999999999999996,1.0,0.6666666666666666,0.0,0.5851702886344158,0.023315118425418127,0.03965020179748535,0
198,I need family-friendly places in Arjuna's Penance,personal,city,no_personalization,1.0,0.04032258064516129,0.12096774193548387,0.12096774193548387,1.0,1.0,1.0,1.0,0.6,0.9,0.13999999999999999,1.0,0.6,0.2,0.604842102722547,0.019846428806190183,0.037409305572509766,0
199,Suggest a budget trip for me in Arjuna's Penance,personal,city,no_personalization,1.0,0.012853470437017995,0.038560411311053984,0.038560411311053984,0.6672406023227447,1.0,1.0,1.0,0.8,0.8,0.4,0.0,0.26666666666666666,1.0,0.4018765754135476,0.13853956793822586,0.043370723724365234,5
200,My parents need easy-access attractions in Arjuna's Penance,personal,city,no_personalization,1.0,0.02242152466367713,0.06726457399103139,0.06726457399103139,1.0,1.0,1.0,1.0,0.6,1.1,0.18,1.0,0.76,0.0,0.6692094478610233,0.06230043202527029,0.04175758361816406,0
